07,12,02,00,20.44,BMS,6
07,12,02,01,20.32,BMS,6
07,12,02,02,18.73,BMS,6
07,12,02,03,17.52,BMS,6
07,12,02,04,18.09,BMS,6
07,12,02,05,16.95,BMS,6
07,12,02,06,16.13,BMS,6
07,12,02,07,18.66,BMS,6
07,12,02,08,20.63,BMS,6
07,12,02,09,21.59,BMS,6
07,12,02,10,23.12,BMS,6
07,12,02,11,24.08,BMS,6
07,12,02,12,24.53,BMS,6
07,12,02,13,26.21,BMS,6
07,12,02,14,27.19,BMS,6
07,12,02,15,28.11,BMS,6
07,12,02,16,28.18,BMS,6
07,12,02,17,28.64,BMS,6
07,12,02,18,27.32,BMS,6
07,12,02,19,25.89,BMS,6
07,12,02,20,24.34,BMS,6
07,12,02,21,22.99,BMS,6
07,12,02,22,22.67,BMS,6
07,12,02,23,23.05,BMS,6
07,13,02,00,23.11,BMS,6
07,13,02,01,22.29,BMS,6
07,13,02,02,21.52,BMS,6
07,13,02,03,20.13,BMS,6
07,13,02,04,18.72,BMS,6
07,13,02,05,19.42,BMS,6
07,13,02,06,20.51,BMS,6
07,13,02,07,20.32,BMS,6
07,13,02,08,21.46,BMS,6
07,13,02,09,24.14,BMS,6
07,13,02,10,26.28,BMS,6
07,13,02,11,26.28,BMS,6
07,13,02,12,26.67,BMS,6
07,13,02,13,27.58,BMS,6
07,13,02,14,29.17,BMS,6
07,13,02,15,29.37,BMS,6
07,13,02,16,29.43,BMS,6
07,13,02,17,29.64,BMS,6
07,13,02,18,28.11,BMS,6
07,13,02,19,26.67,BMS,6
07,13,02,20,22.99,BMS,6
07,13,02,21,21.77,BMS,6
07,13,02,22,21.52,BMS,6
07,13,02,23,21.71,BMS,6
07,14,02,00,21.52,BMS,6
07,14,02,01,20.25,BMS,6
07,14,02,02,20.25,BMS,6
07,14,02,03,19.36,BMS,6
07,14,02,04,19.94,BMS,6
07,14,02,05,18.79,BMS,6
07,14,02,06,18.34,BMS,6
07,14,02,07,20.57,BMS,6
07,14,02,08,23.69,BMS,6
07,14,02,09,25.24,BMS,6
07,14,02,10,25.89,BMS,6
07,14,02,11,26.08,BMS,6
07,14,02,12,27.58,BMS,6
07,14,02,13,28.31,BMS,6
07,14,02,14,27.45,BMS,6
07,14,02,15,29.84,BMS,6
07,14,02,16,28.64,BMS,6
07,14,02,17,27.59,BMS,6
07,14,02,18,24.53,BMS,6
07,14,02,19,23.44,BMS,6
07,14,02,20,23.12,BMS,6
07,14,02,21,22.73,BMS,6
07,14,02,22,21.46,BMS,6
07,14,02,23,21.27,BMS,6
07,15,02,00,20.70,BMS,6
07,15,02,01,20.51,BMS,6
07,15,02,02,19.04,BMS,6
07,15,02,03,18.66,BMS,6
07,15,02,04,18.15,BMS,6
07,15,02,05,17.84,BMS,6
07,15,02,06,18.15,BMS,6
07,15,02,07,19.68,BMS,6
07,15,02,08,22.10,BMS,6
07,15,02,09,22.61,BMS,6
07,15,02,10,23.50,BMS,6
07,15,02,11,24.14,BMS,6
07,15,02,12,24.98,BMS,6
07,15,02,13,26.73,BMS,6
07,15,02,14,26.86,BMS,6
07,15,02,15,27.91,BMS,6
07,15,02,16,27.85,BMS,6
07,15,02,17,25.56,BMS,6
07,15,02,18,25.04,BMS,6
07,15,02,19,24.08,BMS,6
07,15,02,20,21.59,BMS,6
07,15,02,21,20.19,BMS,6
07,15,02,22,17.52,BMS,6
07,15,02,23,16.82,BMS,6
07,16,02,00,16.57,BMS,6
07,16,02,01,16.06,BMS,6
07,16,02,02,16.06,BMS,6
07,16,02,03,15.30,BMS,6
07,16,02,04,14.79,BMS,6
07,16,02,05,14.79,BMS,6
07,16,02,06,14.47,BMS,6
07,16,02,07,16.89,BMS,6
07,16,02,08,20.00,BMS,6
07,16,02,09,21.39,BMS,6
07,16,02,10,22.73,BMS,6
07,16,02,11,23.11,BMS,6
07,16,02,12,20.63,BMS,6
07,16,02,13,20.70,BMS,6
07,16,02,14,22.03,BMS,6
07,16,02,15,22.93,BMS,6
07,16,02,16,20.57,BMS,6
07,16,02,17,16.63,BMS,6
07,16,02,18,15.87,BMS,6
07,16,02,19,16.19,BMS,6
07,16,02,20,15.94,BMS,6
07,16,02,21,16.76,BMS,6
07,16,02,22,16.51,BMS,6
07,16,02,23,16.57,BMS,6
07,17,02,00,16.51,BMS,6
07,17,02,01,15.49,BMS,6
07,17,02,02,14.98,BMS,6
07,17,02,03,15.04,BMS,6
07,17,02,04,14.85,BMS,6
07,17,02,05,15.10,BMS,6
07,17,02,06,15.81,BMS,6
07,17,02,07,17.77,BMS,6
07,17,02,08,19.74,BMS,6
07,17,02,09,20.82,BMS,6
07,17,02,10,21.39,BMS,6
07,17,02,11,22.73,BMS,6
07,17,02,12,22.48,BMS,6
07,17,02,13,24.72,BMS,6
07,17,02,14,20.89,BMS,6
07,17,02,15,21.08,BMS,6
07,17,02,16,24.01,BMS,6
07,17,02,17,24.08,BMS,6
07,17,02,18,18.85,BMS,6
07,17,02,19,19.42,BMS,6
07,17,02,20,19.36,BMS,6
07,17,02,21,18.28,BMS,6
07,17,02,22,17.08,BMS,6
07,17,02,23,16.13,BMS,6
07,18,02,00,15.43,BMS,6
07,18,02,01,15.49,BMS,6
07,18,02,02,15.10,BMS,6
07,18,02,03,14.85,BMS,6
07,18,02,04,15.04,BMS,6
07,18,02,05,15.81,BMS,6
07,18,02,06,15.04,BMS,6
07,18,02,07,15.93,BMS,6
07,18,02,08,17.39,BMS,6
07,18,02,09,19.68,BMS,6
07,18,02,10,19.55,BMS,6
07,18,02,11,20.19,BMS,6
07,18,02,12,21.78,BMS,6
07,18,02,13,21.78,BMS,6
07,18,02,14,23.05,BMS,6
07,18,02,15,22.73,BMS,6
07,18,02,16,24.34,BMS,6
07,18,02,17,22.29,BMS,6
07,18,02,18,20.44,BMS,6
07,18,02,19,17.71,BMS,6
07,18,02,20,17.33,BMS,6
07,18,02,21,16.70,BMS,6
07,18,02,22,16.13,BMS,6
07,18,02,23,15.75,BMS,6
07,19,02,00,16.19,BMS,6
07,19,02,01,16.06,BMS,6
07,19,02,02,16.13,BMS,6
07,19,02,03,16.00,BMS,6
07,19,02,04,15.68,BMS,6
07,19,02,05,14.85,BMS,6
07,19,02,06,15.36,BMS,6
07,19,02,07,17.08,BMS,6
07,19,02,08,16.89,BMS,6
07,19,02,09,17.01,BMS,6
07,19,02,10,16.32,BMS,6
07,19,02,11,17.46,BMS,6
07,19,02,12,21.97,BMS,6
07,19,02,13,22.10,BMS,6
07,19,02,14,20.25,BMS,6
07,19,02,15,21.14,BMS,6
07,19,02,16,19.94,BMS,6
07,19,02,17,21.90,BMS,6
07,19,02,18,21.91,BMS,6
07,19,02,19,18.98,BMS,6
07,19,02,20,16.82,BMS,6
07,19,02,21,16.25,BMS,6
07,19,02,22,16.57,BMS,6
07,19,02,23,15.68,BMS,6
07,20,02,00,15.81,BMS,6
07,20,02,01,16.00,BMS,6
07,20,02,02,13.06,BMS,6
07,20,02,03,14.22,BMS,6
07,20,02,04,14.79,BMS,6
07,20,02,05,14.34,BMS,6
07,20,02,06,14.34,BMS,6
07,20,02,07,14.79,BMS,6
07,20,02,08,15.42,BMS,6
07,20,02,09,16.82,BMS,6
07,20,02,10,18.03,BMS,6
07,20,02,11,19.17,BMS,6
07,20,02,12,18.98,BMS,6
07,20,02,13,19.68,BMS,6
07,20,02,14,20.70,BMS,6
07,20,02,15,20.82,BMS,6
07,20,02,16,20.69,BMS,6
07,20,02,17,19.43,BMS,6
07,20,02,18,14.98,BMS,6
07,20,02,19,14.79,BMS,6
07,20,02,20,15.81,BMS,6
07,20,02,21,15.81,BMS,6
07,20,02,22,15.55,BMS,6
07,20,02,23,14.41,BMS,6
07,21,02,00,14.53,BMS,6
07,21,02,01,13.70,BMS,6
07,21,02,02,14.66,BMS,6
07,21,02,03,14.15,BMS,6
07,21,02,04,13.96,BMS,6
07,21,02,05,13.57,BMS,6
07,21,02,06,12.87,BMS,6
07,21,02,07,16.31,BMS,6
07,21,02,08,18.85,BMS,6
07,21,02,09,19.81,BMS,6
07,21,02,10,20.57,BMS,6
07,21,02,11,21.46,BMS,6
07,21,02,12,21.77,BMS,6
07,21,02,13,22.67,BMS,6
07,21,02,14,23.89,BMS,6
07,21,02,15,23.63,BMS,6
07,21,02,16,24.33,BMS,6
07,21,02,17,25.63,BMS,6
07,21,02,18,23.82,BMS,6
07,21,02,19,22.22,BMS,6
07,21,02,20,19.74,BMS,6
07,21,02,21,18.53,BMS,6
07,21,02,22,18.79,BMS,6
07,21,02,23,18.85,BMS,6
07,22,02,00,18.91,BMS,6
07,22,02,01,18.72,BMS,6
07,22,02,02,18.72,BMS,6
07,22,02,03,18.66,BMS,6
07,22,02,04,18.28,BMS,6
07,22,02,05,17.65,BMS,6
07,22,02,06,16.00,BMS,6
07,22,02,07,19.11,BMS,6
07,22,02,08,20.76,BMS,6
07,22,02,09,22.86,BMS,6
07,22,02,10,23.05,BMS,6
07,22,02,11,25.17,BMS,6
07,22,02,12,24.73,BMS,6
07,22,02,13,12.80,BMS,6
07,22,02,14,15.67,BMS,6
07,22,02,15,19.62,BMS,6
07,22,02,16,15.62,BMS,6
07,22,02,17,14.98,BMS,6
07,22,02,18,16.57,BMS,6
07,22,02,19,16.82,BMS,6
07,22,02,20,17.71,BMS,6
07,22,02,21,17.33,BMS,6
07,22,02,22,16.82,BMS,6
07,22,02,23,14.53,BMS,6
07,23,02,00,15.30,BMS,6
07,23,02,01,15.62,BMS,6
07,23,02,02,14.85,BMS,6
07,23,02,03,13.70,BMS,6
07,23,02,04,13.57,BMS,6
07,23,02,05,13.70,BMS,6
07,23,02,06,13.64,BMS,6
07,23,02,07,16.69,BMS,6
07,23,02,08,19.17,BMS,6
07,23,02,09,19.36,BMS,6
07,23,02,10,19.42,BMS,6
07,23,02,11,21.08,BMS,6
07,23,02,12,22.03,BMS,6
07,23,02,13,23.76,BMS,6
07,23,02,14,23.05,BMS,6
07,23,02,15,21.71,BMS,6
07,23,02,16,21.08,BMS,6
07,23,02,17,21.20,BMS,6
07,23,02,18,23.05,BMS,6
07,23,02,19,22.16,BMS,6
07,23,02,20,18.98,BMS,6
07,23,02,21,17.27,BMS,6
07,23,02,22,17.58,BMS,6
07,23,02,23,17.27,BMS,6
07,24,02,00,17.27,BMS,6
07,24,02,01,16.76,BMS,6
07,24,02,02,15.43,BMS,6
07,24,02,03,14.98,BMS,6
07,24,02,04,14.79,BMS,6
07,24,02,05,15.36,BMS,6
07,24,02,06,14.66,BMS,6
07,24,02,07,16.57,BMS,6
07,24,02,08,18.41,BMS,6
07,24,02,09,19.30,BMS,6
07,24,02,10,20.89,BMS,6
07,24,02,11,22.28,BMS,6
07,24,02,12,22.92,BMS,6
07,24,02,13,21.84,BMS,6
07,24,02,14,23.76,BMS,6
07,24,02,15,25.50,BMS,6
07,24,02,16,24.92,BMS,6
07,24,02,17,24.47,BMS,6
07,24,02,18,21.78,BMS,6
07,24,02,19,19.17,BMS,6
07,24,02,20,19.36,BMS,6
07,24,02,21,18.34,BMS,6
07,24,02,22,18.03,BMS,6
07,24,02,23,19.10,BMS,6
07,25,02,00,18.47,BMS,6
07,25,02,01,18.22,BMS,6
07,25,02,02,16.18,BMS,6
07,25,02,03,11.58,BMS,6
07,25,02,04,12.68,BMS,6
07,25,02,05,12.93,BMS,6
07,25,02,06,11.71,BMS,6
07,25,02,07,11.77,BMS,6
07,25,02,08,11.84,BMS,6
07,25,02,09,11.45,BMS,6
07,25,02,10,13.12,BMS,6
07,25,02,11,14.79,BMS,6
07,25,02,12,18.28,BMS,6
07,25,02,13,19.10,BMS,6
07,25,02,14,20.06,BMS,6
07,25,02,15,21.46,BMS,6
07,25,02,16,22.22,BMS,6
07,25,02,17,23.05,BMS,6
07,25,02,18,21.71,BMS,6
07,25,02,19,18.15,BMS,6
07,25,02,20,17.46,BMS,6
07,25,02,21,16.19,BMS,6
07,25,02,22,15.80,BMS,6
07,25,02,23,10.93,BMS,6
07,26,02,00,10.28,BMS,6
07,26,02,01,9.82,BMS,6
07,26,02,02,9.16,BMS,6
07,26,02,03,9.89,BMS,6
07,26,02,04,10.28,BMS,6
07,26,02,05,11.38,BMS,6
07,26,02,06,11.38,BMS,6
07,26,02,07,13.89,BMS,6
07,26,02,08,16.06,BMS,6
07,26,02,09,17.39,BMS,6
07,26,02,10,18.79,BMS,6
07,26,02,11,19.55,BMS,6
07,26,02,12,20.44,BMS,6
07,26,02,13,20.89,BMS,6
07,26,02,14,21.96,BMS,6
07,26,02,15,20.25,BMS,6
07,26,02,16,17.33,BMS,6
07,26,02,17,15.68,BMS,6
07,26,02,18,10.47,BMS,6
07,26,02,19,11.97,BMS,6
07,26,02,20,13.45,BMS,6
07,26,02,21,13.00,BMS,6
07,26,02,22,13.90,BMS,6
07,26,02,23,13.64,BMS,6
07,27,02,00,13.45,BMS,6
07,27,02,01,13.06,BMS,6
07,27,02,02,12.48,BMS,6
07,27,02,03,10.86,BMS,6
07,27,02,04,11.12,BMS,6
07,27,02,05,12.42,BMS,6
07,27,02,06,12.61,BMS,6
07,27,02,07,12.10,BMS,6
07,27,02,08,15.93,BMS,6
07,27,02,09,15.36,BMS,6
07,27,02,10,17.08,BMS,6
07,27,02,11,19.10,BMS,6
07,27,02,12,19.87,BMS,6
07,27,02,13,21.20,BMS,6
07,27,02,14,22.48,BMS,6
07,27,02,15,22.99,BMS,6
07,27,02,16,21.91,BMS,6
07,27,02,17,17.32,BMS,6
07,27,02,18,9.82,BMS,6
07,27,02,19,11.77,BMS,6
07,27,02,20,13.64,BMS,6
07,27,02,21,13.51,BMS,6
07,27,02,22,14.28,BMS,6
07,27,02,23,15.17,BMS,6
07,28,02,00,15.04,BMS,6
07,28,02,01,13.96,BMS,6
07,28,02,02,13.96,BMS,6
07,28,02,03,13.64,BMS,6
07,28,02,04,13.45,BMS,6
07,28,02,05,12.93,BMS,6
07,28,02,06,12.87,BMS,6
07,28,02,07,14.66,BMS,6
07,28,02,08,16.95,BMS,6
07,28,02,09,17.27,BMS,6
07,28,02,10,18.28,BMS,6
07,28,02,11,19.23,BMS,6
07,28,02,12,19.81,BMS,6
07,28,02,13,20.51,BMS,6
07,28,02,14,21.78,BMS,6
07,28,02,15,22.35,BMS,6
07,28,02,16,22.41,BMS,6
07,28,02,17,22.80,BMS,6
07,28,02,18,21.65,BMS,6
07,28,02,19,20.38,BMS,6
07,28,02,20,17.39,BMS,6
07,28,02,21,15.30,BMS,6
07,28,02,22,14.85,BMS,6
07,28,02,23,14.60,BMS,6
07,29,02,00,14.22,BMS,6
07,29,02,01,15.36,BMS,6
07,29,02,02,14.28,BMS,6
07,29,02,03,15.11,BMS,6
07,29,02,04,14.34,BMS,6
07,29,02,05,14.79,BMS,6
07,29,02,06,15.68,BMS,6
07,29,02,07,17.52,BMS,6
07,29,02,08,19.42,BMS,6
07,29,02,09,20.57,BMS,6
07,29,02,10,21.14,BMS,6
07,29,02,11,21.58,BMS,6
07,29,02,12,22.60,BMS,6
07,29,02,13,23.18,BMS,6
07,29,02,14,24.08,BMS,6
07,29,02,15,24.53,BMS,6
07,29,02,16,25.04,BMS,6
07,29,02,17,25.50,BMS,6
07,29,02,18,23.95,BMS,6
07,29,02,19,22.35,BMS,6
07,29,02,20,18.92,BMS,6
07,29,02,21,17.90,BMS,6
07,29,02,22,18.22,BMS,6
07,29,02,23,18.72,BMS,6
07,30,02,00,18.79,BMS,6
07,30,02,01,18.53,BMS,6
07,30,02,02,18.60,BMS,6
07,30,02,03,18.28,BMS,6
07,30,02,04,17.65,BMS,6
07,30,02,05,17.77,BMS,6
07,30,02,06,17.39,BMS,6
07,30,02,07,19.17,BMS,6
07,30,02,08,22.41,BMS,6
07,30,02,09,23.82,BMS,6
07,30,02,10,23.76,BMS,6
07,30,02,11,24.14,BMS,6
07,30,02,12,24.98,BMS,6
07,30,02,13,25.89,BMS,6
07,30,02,14,26.60,BMS,6
07,30,02,15,26.54,BMS,6
07,30,02,16,26.99,BMS,6
07,30,02,17,27.19,BMS,6
07,30,02,18,25.69,BMS,6
07,30,02,19,24.08,BMS,6
07,30,02,20,20.95,BMS,6
07,30,02,21,19.23,BMS,6
07,30,02,22,18.98,BMS,6
07,30,02,23,18.53,BMS,6
07,31,02,00,19.42,BMS,6
07,31,02,01,19.04,BMS,6
07,31,02,02,19.17,BMS,6
07,31,02,03,18.22,BMS,6
07,31,02,04,18.22,BMS,6
07,31,02,05,17.90,BMS,6
07,31,02,06,19.17,BMS,6
07,31,02,07,19.93,BMS,6
07,31,02,08,22.41,BMS,6
07,31,02,09,24.34,BMS,6
07,31,02,10,25.95,BMS,6
07,31,02,11,26.54,BMS,6
07,31,02,12,26.34,BMS,6
07,31,02,13,27.45,BMS,6
07,31,02,14,28.31,BMS,6
07,31,02,15,28.11,BMS,6
07,31,02,16,27.91,BMS,6
07,31,02,17,27.78,BMS,6
07,31,02,18,26.15,BMS,6
07,31,02,19,23.31,BMS,6
07,31,02,20,20.38,BMS,6
07,31,02,21,20.06,BMS,6
07,31,02,22,20.25,BMS,6
07,31,02,23,19.75,BMS,6
08,01,02,00,20.44,BMS,6
08,01,02,01,20.32,BMS,6
08,01,02,02,20.32,BMS,6
08,01,02,03,20.76,BMS,6
08,01,02,04,20.57,BMS,6
08,01,02,05,20.63,BMS,6
08,01,02,06,20.32,BMS,6
08,01,02,07,19.23,BMS,6
08,01,02,08,21.58,BMS,6
08,01,02,09,22.03,BMS,6
08,01,02,10,24.66,BMS,6
08,01,02,11,24.34,BMS,6
08,01,02,12,24.27,BMS,6
08,01,02,13,24.53,BMS,6
08,01,02,14,26.08,BMS,6
08,01,02,15,25.83,BMS,6
08,01,02,16,25.11,BMS,6
08,01,02,17,23.95,BMS,6
08,01,02,18,22.09,BMS,6
08,01,02,19,21.71,BMS,6
08,01,02,20,20.63,BMS,6
08,01,02,21,20.13,BMS,6
08,01,02,22,19.17,BMS,6
08,01,02,23,18.28,BMS,6
08,02,02,00,18.60,BMS,6
08,02,02,01,19.23,BMS,6
08,02,02,02,17.65,BMS,6
08,02,02,03,17.14,BMS,6
08,02,02,04,16.70,BMS,6
08,02,02,05,16.13,BMS,6
08,02,02,06,16.00,BMS,6
08,02,02,07,16.06,BMS,6
08,02,02,08,16.57,BMS,6
08,02,02,09,16.76,BMS,6
08,02,02,10,16.89,BMS,6
08,02,02,11,18.47,BMS,6
08,02,02,12,18.79,BMS,6
08,02,02,13,18.03,BMS,6
08,02,02,14,17.65,BMS,6
08,02,02,15,18.28,BMS,6
08,02,02,16,17.52,BMS,6
08,02,02,17,16.63,BMS,6
08,02,02,18,15.04,BMS,6
08,02,02,19,11.44,BMS,6
08,02,02,20,10.08,BMS,6
08,02,02,21,10.15,BMS,6
08,02,02,22,10.47,BMS,6
08,02,02,23,10.80,BMS,6
08,03,02,00,11.71,BMS,6
08,03,02,01,11.38,BMS,6
08,03,02,02,10.99,BMS,6
08,03,02,03,10.60,BMS,6
08,03,02,04,10.67,BMS,6
08,03,02,05,10.15,BMS,6
08,03,02,06,9.89,BMS,6
08,03,02,07,10.86,BMS,6
08,03,02,08,13.19,BMS,6
08,03,02,09,14.66,BMS,6
08,03,02,10,16.89,BMS,6
08,03,02,11,18.66,BMS,6
08,03,02,12,18.54,BMS,6
08,03,02,13,18.22,BMS,6
08,03,02,14,18.47,BMS,6
08,03,02,15,18.09,BMS,6
08,03,02,16,18.47,BMS,6
08,03,02,17,21.46,BMS,6
08,03,02,18,19.17,BMS,6
08,03,02,19,18.41,BMS,6
08,03,02,20,13.63,BMS,6
08,03,02,21,10.80,BMS,6
08,03,02,22,11.71,BMS,6
08,03,02,23,12.55,BMS,6
08,04,02,00,13.32,BMS,6
08,04,02,01,13.38,BMS,6
08,04,02,02,13.00,BMS,6
08,04,02,03,13.00,BMS,6
08,04,02,04,12.42,BMS,6
08,04,02,05,11.84,BMS,6
08,04,02,06,11.51,BMS,6
08,04,02,07,13.50,BMS,6
08,04,02,08,15.81,BMS,6
08,04,02,09,18.41,BMS,6
08,04,02,10,20.13,BMS,6
08,04,02,11,20.51,BMS,6
08,04,02,12,21.59,BMS,6
08,04,02,13,18.35,BMS,6
08,04,02,14,17.20,BMS,6
08,04,02,15,17.90,BMS,6
08,04,02,16,18.09,BMS,6
08,04,02,17,17.84,BMS,6
08,04,02,18,17.33,BMS,6
08,04,02,19,17.33,BMS,6
08,04,02,20,15.49,BMS,6
08,04,02,21,14.60,BMS,6
08,04,02,22,15.36,BMS,6
08,04,02,23,15.11,BMS,6
08,05,02,00,13.83,BMS,6
08,05,02,01,13.77,BMS,6
08,05,02,02,13.64,BMS,6
08,05,02,03,11.77,BMS,6
08,05,02,04,11.58,BMS,6
08,05,02,05,11.84,BMS,6
08,05,02,06,11.25,BMS,6
08,05,02,07,12.81,BMS,6
08,05,02,08,14.02,BMS,6
08,05,02,09,15.68,BMS,6
08,05,02,10,17.65,BMS,6
08,05,02,11,17.58,BMS,6
08,05,02,12,19.17,BMS,6
08,05,02,13,17.46,BMS,6
08,05,02,14,20.19,BMS,6
08,05,02,15,20.19,BMS,6
08,05,02,16,14.28,BMS,6
08,05,02,17,17.39,BMS,6
08,05,02,18,18.09,BMS,6
08,05,02,19,17.77,BMS,6
08,05,02,20,15.94,BMS,6
08,05,02,21,14.72,BMS,6
08,05,02,22,13.83,BMS,6
08,05,02,23,14.15,BMS,6
08,06,02,00,14.79,BMS,6
08,06,02,01,14.15,BMS,6
08,06,02,02,14.66,BMS,6
08,06,02,03,14.79,BMS,6
08,06,02,04,14.79,BMS,6
08,06,02,05,13.64,BMS,6
08,06,02,06,12.41,BMS,6
08,06,02,07,13.19,BMS,6
08,06,02,08,15.17,BMS,6
08,06,02,09,17.14,BMS,6
08,06,02,10,18.41,BMS,6
08,06,02,11,19.87,BMS,6
08,06,02,12,20.06,BMS,6
08,06,02,13,20.12,BMS,6
08,06,02,14,16.51,BMS,6
08,06,02,15,15.04,BMS,6
08,06,02,16,18.22,BMS,6
08,06,02,17,17.77,BMS,6
08,06,02,18,14.85,BMS,6
08,06,02,19,12.80,BMS,6
08,06,02,20,10.47,BMS,6
08,06,02,21,10.93,BMS,6
08,06,02,22,11.25,BMS,6
08,06,02,23,9.49,BMS,6
08,07,02,00,10.14,BMS,6
08,07,02,01,10.80,BMS,6
08,07,02,02,11.58,BMS,6
08,07,02,03,11.97,BMS,6
08,07,02,04,12.10,BMS,6
08,07,02,05,11.38,BMS,6
08,07,02,06,11.64,BMS,6
08,07,02,07,12.16,BMS,6
08,07,02,08,14.27,BMS,6
08,07,02,09,14.72,BMS,6
08,07,02,10,16.51,BMS,6
08,07,02,11,18.03,BMS,6
08,07,02,12,18.28,BMS,6
08,07,02,13,17.97,BMS,6
08,07,02,14,11.44,BMS,6
08,07,02,15,14.33,BMS,6
08,07,02,16,18.15,BMS,6
08,07,02,17,19.81,BMS,6
08,07,02,18,18.85,BMS,6
08,07,02,19,18.09,BMS,6
08,07,02,20,15.30,BMS,6
08,07,02,21,14.72,BMS,6
08,07,02,22,14.98,BMS,6
08,07,02,23,14.02,BMS,6
08,08,02,00,13.70,BMS,6
08,08,02,01,13.70,BMS,6
08,08,02,02,14.09,BMS,6
08,08,02,03,14.53,BMS,6
08,08,02,04,14.28,BMS,6
08,08,02,05,13.25,BMS,6
08,08,02,06,12.80,BMS,6
08,08,02,07,14.53,BMS,6
08,08,02,08,17.52,BMS,6
08,08,02,09,17.90,BMS,6
08,08,02,10,18.47,BMS,6
08,08,02,11,19.81,BMS,6
08,08,02,12,19.55,BMS,6
08,08,02,13,21.14,BMS,6
08,08,02,14,22.35,BMS,6
08,08,02,15,22.54,BMS,6
08,08,02,16,22.80,BMS,6
08,08,02,17,23.18,BMS,6
08,08,02,18,21.71,BMS,6
08,08,02,19,20.32,BMS,6
08,08,02,20,17.01,BMS,6
08,08,02,21,15.87,BMS,6
08,08,02,22,16.06,BMS,6
08,08,02,23,16.19,BMS,6
08,09,02,00,14.92,BMS,6
08,09,02,01,14.66,BMS,6
08,09,02,02,14.53,BMS,6
08,09,02,03,14.28,BMS,6
08,09,02,04,14.15,BMS,6
08,09,02,05,13.70,BMS,6
08,09,02,06,13.45,BMS,6
08,09,02,07,15.04,BMS,6
08,09,02,08,17.52,BMS,6
08,09,02,09,19.62,BMS,6
08,09,02,10,20.76,BMS,6
08,09,02,11,21.20,BMS,6
08,09,02,12,21.52,BMS,6
08,09,02,13,22.22,BMS,6
08,09,02,14,22.80,BMS,6
08,09,02,15,22.92,BMS,6
08,09,02,16,22.99,BMS,6
08,09,02,17,22.86,BMS,6
08,09,02,18,21.46,BMS,6
08,09,02,19,19.74,BMS,6
08,09,02,20,16.06,BMS,6
08,09,02,21,15.93,BMS,6
08,09,02,22,15.49,BMS,6
08,09,02,23,14.66,BMS,6
08,10,02,00,14.28,BMS,6
08,10,02,01,14.22,BMS,6
08,10,02,02,14.15,BMS,6
08,10,02,03,14.03,BMS,6
08,10,02,04,13.96,BMS,6
08,10,02,05,14.09,BMS,6
08,10,02,06,12.55,BMS,6
08,10,02,07,14.97,BMS,6
08,10,02,08,17.71,BMS,6
08,10,02,09,19.36,BMS,6
08,10,02,10,21.20,BMS,6
08,10,02,11,21.84,BMS,6
08,10,02,12,21.71,BMS,6
08,10,02,13,22.86,BMS,6
08,10,02,14,24.72,BMS,6
08,10,02,15,24.02,BMS,6
08,10,02,16,24.14,BMS,6
08,10,02,17,24.66,BMS,6
08,10,02,18,22.54,BMS,6
08,10,02,19,21.33,BMS,6
08,10,02,20,17.46,BMS,6
08,10,02,21,16.13,BMS,6
08,10,02,22,16.06,BMS,6
08,10,02,23,15.62,BMS,6
08,11,02,00,15.23,BMS,6
08,11,02,01,14.98,BMS,6
08,11,02,02,15.10,BMS,6
08,11,02,03,15.17,BMS,6
08,11,02,04,14.28,BMS,6
08,11,02,05,14.21,BMS,6
08,11,02,06,14.09,BMS,6
08,11,02,07,15.17,BMS,6
08,11,02,08,19.36,BMS,6
08,11,02,09,20.63,BMS,6
08,11,02,10,22.10,BMS,6
08,11,02,11,22.99,BMS,6
08,11,02,12,23.82,BMS,6
08,11,02,13,24.53,BMS,6
08,11,02,14,25.56,BMS,6
08,11,02,15,25.56,BMS,6
08,11,02,16,25.37,BMS,6
08,11,02,17,25.30,BMS,6
08,11,02,18,23.88,BMS,6
08,11,02,19,22.48,BMS,6
08,11,02,20,18.41,BMS,6
08,11,02,21,17.14,BMS,6
08,11,02,22,17.14,BMS,6
08,11,02,23,17.77,BMS,6
08,12,02,00,16.57,BMS,6
08,12,02,01,15.81,BMS,6
08,12,02,02,15.17,BMS,6
08,12,02,03,15.04,BMS,6
08,12,02,04,15.56,BMS,6
08,12,02,05,15.23,BMS,6
08,12,02,06,14.91,BMS,6
08,12,02,07,15.99,BMS,6
08,12,02,08,18.79,BMS,6
08,12,02,09,20.38,BMS,6
08,12,02,10,21.39,BMS,6
08,12,02,11,22.41,BMS,6
08,12,02,12,22.80,BMS,6
08,12,02,13,23.76,BMS,6
08,12,02,14,25.56,BMS,6
08,12,02,15,25.50,BMS,6
08,12,02,16,25.69,BMS,6
08,12,02,17,25.24,BMS,6
08,12,02,18,23.50,BMS,6
08,12,02,19,21.78,BMS,6
08,12,02,20,18.98,BMS,6
08,12,02,21,17.27,BMS,6
08,12,02,22,16.57,BMS,6
08,12,02,23,15.23,BMS,6
08,13,02,00,14.47,BMS,6
08,13,02,01,14.34,BMS,6
08,13,02,02,13.12,BMS,6
08,13,02,03,12.03,BMS,6
08,13,02,04,12.16,BMS,6
08,13,02,05,12.10,BMS,6
08,13,02,06,12.49,BMS,6
08,13,02,07,12.94,BMS,6
08,13,02,08,14.60,BMS,6
08,13,02,09,15.94,BMS,6
08,13,02,10,17.58,BMS,6
08,13,02,11,18.41,BMS,6
08,13,02,12,19.30,BMS,6
08,13,02,13,20.82,BMS,6
08,13,02,14,20.63,BMS,6
08,13,02,15,21.78,BMS,6
08,13,02,16,21.46,BMS,6
08,13,02,17,22.29,BMS,6
08,13,02,18,19.93,BMS,6
08,13,02,19,16.95,BMS,6
08,13,02,20,16.06,BMS,6
08,13,02,21,16.25,BMS,6
08,13,02,22,15.87,BMS,6
08,13,02,23,15.04,BMS,6
08,14,02,00,14.41,BMS,6
08,14,02,01,14.03,BMS,6
08,14,02,02,13.38,BMS,6
08,14,02,03,13.00,BMS,6
08,14,02,04,12.29,BMS,6
08,14,02,05,12.55,BMS,6
08,14,02,06,12.29,BMS,6
08,14,02,07,14.47,BMS,6
08,14,02,08,18.34,BMS,6
08,14,02,09,19.30,BMS,6
08,14,02,10,19.74,BMS,6
08,14,02,11,20.63,BMS,6
08,14,02,12,21.40,BMS,6
08,14,02,13,22.41,BMS,6
08,14,02,14,24.34,BMS,6
08,14,02,15,23.89,BMS,6
08,14,02,16,23.95,BMS,6
08,14,02,17,24.72,BMS,6
08,14,02,18,23.37,BMS,6
08,14,02,19,21.78,BMS,6
08,14,02,20,17.77,BMS,6
08,14,02,21,16.57,BMS,6
08,14,02,22,16.25,BMS,6
08,14,02,23,15.68,BMS,6
08,15,02,00,14.79,BMS,6
08,15,02,01,14.34,BMS,6
08,15,02,02,14.15,BMS,6
08,15,02,03,13.96,BMS,6
08,15,02,04,14.09,BMS,6
08,15,02,05,13.70,BMS,6
08,15,02,06,13.64,BMS,6
08,15,02,07,15.23,BMS,6
08,15,02,08,19.55,BMS,6
08,15,02,09,20.82,BMS,6
08,15,02,10,23.12,BMS,6
08,15,02,11,23.56,BMS,6
08,15,02,12,23.63,BMS,6
08,15,02,13,25.18,BMS,6
08,15,02,14,26.02,BMS,6
08,15,02,15,25.82,BMS,6
08,15,02,16,26.15,BMS,6
08,15,02,17,26.67,BMS,6
08,15,02,18,24.72,BMS,6
08,15,02,19,22.86,BMS,6
08,15,02,20,19.36,BMS,6
08,15,02,21,18.98,BMS,6
08,15,02,22,18.85,BMS,6
08,15,02,23,19.43,BMS,6
08,16,02,00,17.96,BMS,6
08,16,02,01,17.65,BMS,6
08,16,02,02,17.46,BMS,6
08,16,02,03,17.46,BMS,6
08,16,02,04,17.27,BMS,6
08,16,02,05,17.33,BMS,6
08,16,02,06,16.51,BMS,6
08,16,02,07,18.28,BMS,6
08,16,02,08,22.67,BMS,6
08,16,02,09,23.95,BMS,6
08,16,02,10,25.24,BMS,6
08,16,02,11,25.17,BMS,6
08,16,02,12,26.15,BMS,6
08,16,02,13,27.26,BMS,6
08,16,02,14,27.58,BMS,6
08,16,02,15,27.19,BMS,6
08,16,02,16,27.19,BMS,6
08,16,02,17,27.58,BMS,6
08,16,02,18,25.76,BMS,6
08,16,02,19,23.95,BMS,6
08,16,02,20,20.19,BMS,6
08,16,02,21,19.87,BMS,6
08,16,02,22,19.04,BMS,6
08,16,02,23,18.92,BMS,6
08,17,02,00,20.19,BMS,6
08,17,02,01,19.42,BMS,6
08,17,02,02,19.17,BMS,6
08,17,02,03,19.17,BMS,6
08,17,02,04,18.41,BMS,6
08,17,02,05,17.84,BMS,6
08,17,02,06,17.65,BMS,6
08,17,02,07,18.85,BMS,6
08,17,02,08,21.90,BMS,6
08,17,02,09,23.69,BMS,6
08,17,02,10,25.04,BMS,6
08,17,02,11,26.08,BMS,6
08,17,02,12,26.93,BMS,6
08,17,02,13,27.72,BMS,6
08,17,02,14,28.44,BMS,6
08,17,02,15,27.78,BMS,6
08,17,02,16,26.54,BMS,6
08,17,02,17,26.73,BMS,6
08,17,02,18,25.82,BMS,6
08,17,02,19,22.74,BMS,6
08,17,02,20,20.06,BMS,6
08,17,02,21,20.00,BMS,6
08,17,02,22,20.38,BMS,6
08,17,02,23,19.74,BMS,6
08,18,02,00,19.23,BMS,6
08,18,02,01,19.10,BMS,6
08,18,02,02,18.98,BMS,6
08,18,02,03,19.36,BMS,6
08,18,02,04,18.53,BMS,6
08,18,02,05,17.96,BMS,6
08,18,02,06,17.77,BMS,6
08,18,02,07,17.84,BMS,6
08,18,02,08,19.17,BMS,6
08,18,02,09,21.52,BMS,6
08,18,02,10,24.59,BMS,6
08,18,02,11,24.79,BMS,6
08,18,02,12,25.24,BMS,6
08,18,02,13,25.31,BMS,6
08,18,02,14,25.70,BMS,6
08,18,02,15,26.34,BMS,6
08,18,02,16,26.21,BMS,6
08,18,02,17,26.60,BMS,6
08,18,02,18,24.85,BMS,6
08,18,02,19,22.09,BMS,6
08,18,02,20,19.55,BMS,6
08,18,02,21,18.91,BMS,6
08,18,02,22,18.66,BMS,6
08,18,02,23,18.98,BMS,6
08,19,02,00,19.43,BMS,6
08,19,02,01,18.53,BMS,6
08,19,02,02,18.72,BMS,6
08,19,02,03,18.22,BMS,6
08,19,02,04,17.39,BMS,6
08,19,02,05,16.95,BMS,6
08,19,02,06,16.38,BMS,6
08,19,02,07,18.22,BMS,6
08,19,02,08,21.01,BMS,6
08,19,02,09,23.57,BMS,6
08,19,02,10,24.59,BMS,6
08,19,02,11,24.66,BMS,6
08,19,02,12,25.50,BMS,6
08,19,02,13,26.60,BMS,6
08,19,02,14,28.24,BMS,6
08,19,02,15,27.91,BMS,6
08,19,02,16,26.34,BMS,6
08,19,02,17,26.54,BMS,6
08,19,02,18,24.40,BMS,6
08,19,02,19,21.78,BMS,6
08,19,02,20,18.92,BMS,6
08,19,02,21,17.58,BMS,6
08,19,02,22,16.51,BMS,6
08,19,02,23,16.51,BMS,6
08,20,02,00,14.66,BMS,6
08,20,02,01,14.15,BMS,6
08,20,02,02,9.36,BMS,6
08,20,02,03,9.42,BMS,6
08,20,02,04,9.29,BMS,6
08,20,02,05,8.50,BMS,6
08,20,02,06,8.50,BMS,6
08,20,02,07,9.75,BMS,6
08,20,02,08,10.60,BMS,6
08,20,02,09,10.21,BMS,6
08,20,02,10,10.34,BMS,6
08,20,02,11,10.73,BMS,6
08,20,02,12,13.58,BMS,6
08,20,02,13,15.62,BMS,6
08,20,02,14,17.14,BMS,6
08,20,02,15,17.08,BMS,6
08,20,02,16,16.89,BMS,6
08,20,02,17,16.13,BMS,6
08,20,02,18,15.23,BMS,6
08,20,02,19,13.58,BMS,6
08,20,02,20,13.83,BMS,6
08,20,02,21,13.70,BMS,6
08,20,02,22,13.38,BMS,6
08,20,02,23,13.77,BMS,6
08,21,02,00,13.77,BMS,6
08,21,02,01,13.38,BMS,6
08,21,02,02,12.48,BMS,6
08,21,02,03,11.97,BMS,6
08,21,02,04,11.84,BMS,6
08,21,02,05,10.86,BMS,6
08,21,02,06,10.34,BMS,6
08,21,02,07,12.02,BMS,6
08,21,02,08,13.38,BMS,6
08,21,02,09,15.68,BMS,6
08,21,02,10,16.70,BMS,6
08,21,02,11,17.46,BMS,6
08,21,02,12,17.84,BMS,6
08,21,02,13,16.76,BMS,6
08,21,02,14,19.81,BMS,6
08,21,02,15,18.85,BMS,6
08,21,02,16,18.16,BMS,6
08,21,02,17,18.54,BMS,6
08,21,02,18,18.53,BMS,6
08,21,02,19,16.89,BMS,6
08,21,02,20,13.96,BMS,6
08,21,02,21,12.93,BMS,6
08,21,02,22,12.93,BMS,6
08,21,02,23,12.93,BMS,6
08,22,02,00,12.87,BMS,6
08,22,02,01,12.74,BMS,6
08,22,02,02,12.48,BMS,6
08,22,02,03,12.48,BMS,6
08,22,02,04,11.84,BMS,6
08,22,02,05,11.38,BMS,6
08,22,02,06,11.38,BMS,6
08,22,02,07,12.41,BMS,6
08,22,02,08,15.68,BMS,6
08,22,02,09,15.36,BMS,6
08,22,02,10,15.93,BMS,6
08,22,02,11,17.58,BMS,6
08,22,02,12,18.79,BMS,6
08,22,02,13,19.11,BMS,6
08,22,02,14,20.63,BMS,6
08,22,02,15,19.81,BMS,6
08,22,02,16,20.00,BMS,6
08,22,02,17,20.63,BMS,6
08,22,02,18,19.55,BMS,6
08,22,02,19,17.14,BMS,6
08,22,02,20,15.23,BMS,6
08,22,02,21,13.96,BMS,6
08,22,02,22,13.32,BMS,6
08,22,02,23,12.93,BMS,6
08,23,02,00,13.38,BMS,6
08,23,02,01,13.26,BMS,6
08,23,02,02,13.13,BMS,6
08,23,02,03,13.13,BMS,6
08,23,02,04,12.87,BMS,6
08,23,02,05,12.68,BMS,6
08,23,02,06,12.16,BMS,6
08,23,02,07,11.90,BMS,6
08,23,02,08,13.77,BMS,6
08,23,02,09,16.44,BMS,6
08,23,02,10,18.41,BMS,6
08,23,02,11,18.72,BMS,6
08,23,02,12,19.49,BMS,6
08,23,02,13,21.27,BMS,6
08,23,02,14,23.18,BMS,6
08,23,02,15,22.48,BMS,6
08,23,02,16,21.27,BMS,6
08,23,02,17,20.57,BMS,6
08,23,02,18,19.87,BMS,6
08,23,02,19,17.77,BMS,6
08,23,02,20,14.92,BMS,6
08,23,02,21,13.96,BMS,6
08,23,02,22,13.51,BMS,6
08,23,02,23,13.83,BMS,6
08,24,02,00,13.51,BMS,6
08,24,02,01,13.57,BMS,6
08,24,02,02,13.25,BMS,6
08,24,02,03,12.10,BMS,6
08,24,02,04,11.90,BMS,6
08,24,02,05,11.84,BMS,6
08,24,02,06,11.90,BMS,6
08,24,02,07,12.74,BMS,6
08,24,02,08,16.19,BMS,6
08,24,02,09,17.14,BMS,6
08,24,02,10,18.60,BMS,6
08,24,02,11,19.42,BMS,6
08,24,02,12,19.94,BMS,6
08,24,02,13,20.95,BMS,6
08,24,02,14,21.84,BMS,6
08,24,02,15,21.58,BMS,6
08,24,02,16,21.84,BMS,6
08,24,02,17,22.03,BMS,6
08,24,02,18,21.08,BMS,6
08,24,02,19,18.28,BMS,6
08,24,02,20,15.17,BMS,6
08,24,02,21,14.91,BMS,6
08,24,02,22,14.53,BMS,6
08,24,02,23,14.41,BMS,6
08,25,02,00,13.96,BMS,6
08,25,02,01,13.57,BMS,6
08,25,02,02,14.22,BMS,6
08,25,02,03,14.34,BMS,6
08,25,02,04,13.90,BMS,6
08,25,02,05,13.64,BMS,6
08,25,02,06,13.58,BMS,6
08,25,02,07,14.21,BMS,6
08,25,02,08,18.54,BMS,6
08,25,02,09,20.63,BMS,6
08,25,02,10,21.77,BMS,6
08,25,02,11,22.67,BMS,6
08,25,02,12,22.99,BMS,6
08,25,02,13,23.95,BMS,6
08,25,02,14,25.24,BMS,6
08,25,02,15,25.17,BMS,6
08,25,02,16,24.27,BMS,6
08,25,02,17,23.82,BMS,6
08,25,02,18,22.67,BMS,6
08,25,02,19,20.44,BMS,6
08,25,02,20,17.01,BMS,6
08,25,02,21,16.19,BMS,6
08,25,02,22,15.94,BMS,6
08,25,02,23,15.75,BMS,6
08,26,02,00,15.81,BMS,6
08,26,02,01,15.68,BMS,6
08,26,02,02,15.68,BMS,6
08,26,02,03,14.98,BMS,6
08,26,02,04,14.47,BMS,6
08,26,02,05,14.21,BMS,6
08,26,02,06,13.96,BMS,6
08,26,02,07,15.36,BMS,6
08,26,02,08,19.04,BMS,6
08,26,02,09,20.13,BMS,6
08,26,02,10,21.46,BMS,6
08,26,02,11,22.22,BMS,6
08,26,02,12,23.37,BMS,6
08,26,02,13,24.40,BMS,6
08,26,02,14,25.43,BMS,6
08,26,02,15,24.53,BMS,6
08,26,02,16,24.21,BMS,6
08,26,02,17,24.27,BMS,6
08,26,02,18,23.50,BMS,6
08,26,02,19,20.63,BMS,6
08,26,02,20,17.58,BMS,6
08,26,02,21,16.57,BMS,6
08,26,02,22,16.89,BMS,6
08,26,02,23,17.46,BMS,6
08,27,02,00,16.70,BMS,6
08,27,02,01,15.94,BMS,6
08,27,02,02,14.92,BMS,6
08,27,02,03,14.15,BMS,6
08,27,02,04,13.57,BMS,6
08,27,02,05,13.00,BMS,6
08,27,02,06,12.23,BMS,6
08,27,02,07,13.44,BMS,6
08,27,02,08,17.58,BMS,6
08,27,02,09,18.79,BMS,6
08,27,02,10,20.63,BMS,6
08,27,02,11,21.52,BMS,6
08,27,02,12,21.39,BMS,6
08,27,02,13,23.05,BMS,6
08,27,02,14,24.08,BMS,6
08,27,02,15,23.69,BMS,6
08,27,02,16,23.18,BMS,6
08,27,02,17,23.18,BMS,6
08,27,02,18,20.89,BMS,6
08,27,02,19,18.34,BMS,6
08,27,02,20,16.32,BMS,6
08,27,02,21,15.49,BMS,6
08,27,02,22,16.13,BMS,6
08,27,02,23,15.81,BMS,6
08,28,02,00,15.68,BMS,6
08,28,02,01,16.63,BMS,6
08,28,02,02,17.33,BMS,6
08,28,02,03,17.33,BMS,6
08,28,02,04,16.51,BMS,6
08,28,02,05,15.04,BMS,6
08,28,02,06,14.41,BMS,6
08,28,02,07,14.98,BMS,6
08,28,02,08,18.09,BMS,6
08,28,02,09,19.04,BMS,6
08,28,02,10,19.55,BMS,6
08,28,02,11,21.59,BMS,6
08,28,02,12,21.97,BMS,6
08,28,02,13,21.97,BMS,6
08,28,02,14,22.09,BMS,6
08,28,02,15,21.33,BMS,6
08,28,02,16,21.97,BMS,6
08,28,02,17,22.10,BMS,6
08,28,02,18,17.90,BMS,6
08,28,02,19,16.25,BMS,6
08,28,02,20,16.13,BMS,6
08,28,02,21,14.02,BMS,6
08,28,02,22,13.06,BMS,6
08,28,02,23,13.77,BMS,6
08,29,02,00,14.79,BMS,6
08,29,02,01,14.85,BMS,6
08,29,02,02,14.60,BMS,6
08,29,02,03,13.70,BMS,6
08,29,02,04,13.25,BMS,6
08,29,02,05,12.36,BMS,6
08,29,02,06,12.55,BMS,6
08,29,02,07,10.78,BMS,6
08,29,02,08,7.83,BMS,6
08,29,02,09,9.29,BMS,6
08,29,02,10,11.58,BMS,6
08,29,02,11,13.45,BMS,6
08,29,02,12,15.56,BMS,6
08,29,02,13,17.46,BMS,6
08,29,02,14,18.54,BMS,6
08,29,02,15,19.04,BMS,6
08,29,02,16,18.47,BMS,6
08,29,02,17,11.12,BMS,6
08,29,02,18,7.09,BMS,6
08,29,02,19,7.56,BMS,6
08,29,02,20,7.83,BMS,6
08,29,02,21,8.96,BMS,6
08,29,02,22,9.22,BMS,6
08,29,02,23,8.50,BMS,6
08,30,02,00,9.42,BMS,6
08,30,02,01,9.75,BMS,6
08,30,02,02,10.08,BMS,6
08,30,02,03,10.15,BMS,6
08,30,02,04,9.89,BMS,6
08,30,02,05,9.62,BMS,6
08,30,02,06,9.89,BMS,6
08,30,02,07,11.31,BMS,6
08,30,02,08,14.79,BMS,6
08,30,02,09,16.06,BMS,6
08,30,02,10,16.51,BMS,6
08,30,02,11,16.95,BMS,6
08,30,02,12,18.09,BMS,6
08,30,02,13,19.81,BMS,6
08,30,02,14,20.82,BMS,6
08,30,02,15,19.17,BMS,6
08,30,02,16,19.75,BMS,6
08,30,02,17,19.81,BMS,6
08,30,02,18,17.90,BMS,6
08,30,02,19,15.74,BMS,6
08,30,02,20,13.58,BMS,6
08,30,02,21,13.06,BMS,6
08,30,02,22,13.06,BMS,6
08,30,02,23,12.80,BMS,6
08,31,02,00,12.61,BMS,6
08,31,02,01,13.06,BMS,6
08,31,02,02,13.26,BMS,6
08,31,02,03,12.80,BMS,6
08,31,02,04,12.68,BMS,6
08,31,02,05,13.06,BMS,6
08,31,02,06,13.83,BMS,6
08,31,02,07,14.40,BMS,6
08,31,02,08,17.01,BMS,6
08,31,02,09,17.39,BMS,6
08,31,02,10,18.41,BMS,6
08,31,02,11,19.75,BMS,6
08,31,02,12,19.49,BMS,6
08,31,02,13,21.27,BMS,6
08,31,02,14,20.32,BMS,6
08,31,02,15,20.00,BMS,6
08,31,02,16,20.12,BMS,6
08,31,02,17,19.30,BMS,6
08,31,02,18,19.23,BMS,6
08,31,02,19,16.12,BMS,6
08,31,02,20,14.72,BMS,6
08,31,02,21,14.79,BMS,6
08,31,02,22,14.79,BMS,6
08,31,02,23,14.79,BMS,6
09,01,02,00,14.72,BMS,6
09,01,02,01,15.10,BMS,6
09,01,02,02,15.17,BMS,6
09,01,02,03,15.43,BMS,6
09,01,02,04,15.36,BMS,6
09,01,02,05,14.79,BMS,6
09,01,02,06,13.77,BMS,6
09,01,02,07,13.77,BMS,6
09,01,02,08,15.36,BMS,6
09,01,02,09,17.08,BMS,6
09,01,02,10,17.58,BMS,6
09,01,02,11,20.13,BMS,6
09,01,02,12,21.01,BMS,6
09,01,02,13,22.99,BMS,6
09,01,02,14,23.12,BMS,6
09,01,02,15,22.41,BMS,6
09,01,02,16,22.54,BMS,6
09,01,02,17,22.10,BMS,6
09,01,02,18,21.20,BMS,6
09,01,02,19,18.28,BMS,6
09,01,02,20,15.36,BMS,6
09,01,02,21,14.79,BMS,6
09,01,02,22,15.49,BMS,6
09,01,02,23,14.85,BMS,6
09,02,02,00,14.41,BMS,6
09,02,02,01,14.22,BMS,6
09,02,02,02,14.47,BMS,6
09,02,02,03,14.28,BMS,6
09,02,02,04,14.72,BMS,6
09,02,02,05,14.15,BMS,6
09,02,02,06,13.70,BMS,6
09,02,02,07,13.12,BMS,6
09,02,02,08,17.65,BMS,6
09,02,02,09,19.36,BMS,6
09,02,02,10,20.51,BMS,6
09,02,02,11,21.84,BMS,6
09,02,02,12,22.22,BMS,6
09,02,02,13,22.80,BMS,6
09,02,02,14,23.76,BMS,6
09,02,02,15,23.18,BMS,6
09,02,02,16,22.54,BMS,6
09,02,02,17,22.54,BMS,6
09,02,02,18,21.52,BMS,6
09,02,02,19,17.52,BMS,6
09,02,02,20,16.25,BMS,6
09,02,02,21,16.06,BMS,6
09,02,02,22,15.68,BMS,6
09,02,02,23,15.56,BMS,6
09,03,02,00,15.43,BMS,6
09,03,02,01,15.43,BMS,6
09,03,02,02,15.23,BMS,6
09,03,02,03,14.85,BMS,6
09,03,02,04,14.91,BMS,6
09,03,02,05,14.79,BMS,6
09,03,02,06,14.66,BMS,6
09,03,02,07,15.36,BMS,6
09,03,02,08,15.56,BMS,6
09,03,02,09,15.74,BMS,6
09,03,02,10,16.63,BMS,6
09,03,02,11,15.30,BMS,6
09,03,02,12,14.72,BMS,6
09,03,02,13,14.92,BMS,6
09,03,02,14,17.65,BMS,6
09,03,02,15,18.72,BMS,6
09,03,02,16,17.96,BMS,6
09,03,02,17,11.93,BMS,6
09,03,02,18,8.76,BMS,6
09,03,02,19,10.15,BMS,6
09,03,02,20,10.99,BMS,6
09,03,02,21,11.19,BMS,6
09,03,02,22,11.58,BMS,6
09,03,02,23,11.97,BMS,6
09,04,02,00,12.29,BMS,6
09,04,02,01,12.42,BMS,6
09,04,02,02,12.42,BMS,6
09,04,02,03,12.29,BMS,6
09,04,02,04,12.29,BMS,6
09,04,02,05,12.10,BMS,6
09,04,02,06,11.77,BMS,6
09,04,02,07,12.16,BMS,6
09,04,02,08,16.51,BMS,6
09,04,02,09,17.46,BMS,6
09,04,02,10,19.55,BMS,6
09,04,02,11,20.13,BMS,6
09,04,02,12,21.14,BMS,6
09,04,02,13,21.84,BMS,6
09,04,02,14,22.80,BMS,6
09,04,02,15,22.28,BMS,6
09,04,02,16,21.78,BMS,6
09,04,02,17,21.46,BMS,6
09,04,02,18,20.63,BMS,6
09,04,02,19,18.15,BMS,6
09,04,02,20,15.43,BMS,6
09,04,02,21,14.79,BMS,6
09,04,02,22,14.85,BMS,6
09,04,02,23,15.04,BMS,6
09,05,02,00,15.30,BMS,6
09,05,02,01,15.30,BMS,6
09,05,02,02,16.00,BMS,6
09,05,02,03,16.19,BMS,6
09,05,02,04,15.68,BMS,6
09,05,02,05,14.79,BMS,6
09,05,02,06,14.28,BMS,6
09,05,02,07,14.53,BMS,6
09,05,02,08,18.60,BMS,6
09,05,02,09,20.32,BMS,6
09,05,02,10,21.08,BMS,6
09,05,02,11,21.46,BMS,6
09,05,02,12,23.31,BMS,6
09,05,02,13,24.21,BMS,6
09,05,02,14,24.66,BMS,6
09,05,02,15,24.27,BMS,6
09,05,02,16,24.08,BMS,6
09,05,02,17,22.61,BMS,6
09,05,02,18,21.78,BMS,6
09,05,02,19,18.22,BMS,6
09,05,02,20,16.06,BMS,6
09,05,02,21,15.49,BMS,6
09,05,02,22,14.02,BMS,6
09,05,02,23,13.38,BMS,6
09,06,02,00,13.25,BMS,6
09,06,02,01,14.03,BMS,6
09,06,02,02,14.47,BMS,6
09,06,02,03,14.98,BMS,6
09,06,02,04,14.15,BMS,6
09,06,02,05,14.47,BMS,6
09,06,02,06,15.30,BMS,6
09,06,02,07,16.32,BMS,6
09,06,02,08,16.70,BMS,6
09,06,02,09,15.62,BMS,6
09,06,02,10,13.38,BMS,6
09,06,02,11,12.16,BMS,6
09,06,02,12,14.66,BMS,6
09,06,02,13,16.32,BMS,6
09,06,02,14,16.25,BMS,6
09,06,02,15,10.67,BMS,6
09,06,02,16,12.09,BMS,6
09,06,02,17,13.51,BMS,6
09,06,02,18,10.98,BMS,6
09,06,02,19,9.16,BMS,6
09,06,02,20,8.83,BMS,6
09,06,02,21,8.16,BMS,6
09,06,02,22,8.36,BMS,6
09,06,02,23,9.16,BMS,6
09,07,02,00,9.82,BMS,6
09,07,02,01,9.42,BMS,6
09,07,02,02,8.43,BMS,6
09,07,02,03,8.36,BMS,6
09,07,02,04,8.23,BMS,6
09,07,02,05,8.10,BMS,6
09,07,02,06,7.83,BMS,6
09,07,02,07,7.50,BMS,6
09,07,02,08,8.16,BMS,6
09,07,02,09,9.94,BMS,6
09,07,02,10,13.19,BMS,6
09,07,02,11,14.15,BMS,6
09,07,02,12,15.68,BMS,6
09,07,02,13,17.01,BMS,6
09,07,02,14,16.76,BMS,6
09,07,02,15,16.06,BMS,6
09,07,02,16,15.36,BMS,6
09,07,02,17,10.20,BMS,6
09,07,02,18,7.96,BMS,6
09,07,02,19,7.43,BMS,6
09,07,02,20,7.56,BMS,6
09,07,02,21,7.43,BMS,6
09,07,02,22,7.76,BMS,6
09,07,02,23,8.23,BMS,6
09,08,02,00,8.36,BMS,6
09,08,02,01,8.30,BMS,6
09,08,02,02,8.50,BMS,6
09,08,02,03,8.63,BMS,6
09,08,02,04,8.36,BMS,6
09,08,02,05,9.10,BMS,6
09,08,02,06,9.29,BMS,6
09,08,02,07,8.96,BMS,6
09,08,02,08,10.34,BMS,6
09,08,02,09,13.45,BMS,6
09,08,02,10,13.25,BMS,6
09,08,02,11,14.47,BMS,6
09,08,02,12,14.79,BMS,6
09,08,02,13,14.15,BMS,6
09,08,02,14,11.77,BMS,6
09,08,02,15,12.16,BMS,6
09,08,02,16,12.68,BMS,6
09,08,02,17,12.49,BMS,6
09,08,02,18,12.29,BMS,6
09,08,02,19,11.64,BMS,6
09,08,02,20,11.19,BMS,6
09,08,02,21,7.76,BMS,6
09,08,02,22,7.56,BMS,6
09,08,02,23,7.70,BMS,6
09,09,02,00,7.96,BMS,6
09,09,02,01,7.96,BMS,6
09,09,02,02,8.03,BMS,6
09,09,02,03,7.83,BMS,6
09,09,02,04,7.16,BMS,6
09,09,02,05,7.10,BMS,6
09,09,02,06,6.96,BMS,6
09,09,02,07,7.36,BMS,6
09,09,02,08,10.14,BMS,6
09,09,02,09,11.51,BMS,6
09,09,02,10,13.58,BMS,6
09,09,02,11,12.67,BMS,6
09,09,02,12,14.60,BMS,6
09,09,02,13,15.49,BMS,6
09,09,02,14,16.06,BMS,6
09,09,02,15,14.60,BMS,6
09,09,02,16,13.06,BMS,6
09,09,02,17,12.68,BMS,6
09,09,02,18,11.45,BMS,6
09,09,02,19,10.99,BMS,6
09,09,02,20,10.47,BMS,6
09,09,02,21,10.67,BMS,6
09,09,02,22,11.06,BMS,6
09,09,02,23,10.54,BMS,6
09,10,02,00,10.54,BMS,6
09,10,02,01,10.41,BMS,6
09,10,02,02,10.47,BMS,6
09,10,02,03,10.60,BMS,6
09,10,02,04,10.60,BMS,6
09,10,02,05,10.41,BMS,6
09,10,02,06,9.49,BMS,6
09,10,02,07,9.56,BMS,6
09,10,02,08,10.86,BMS,6
09,10,02,09,12.16,BMS,6
09,10,02,10,14.34,BMS,6
09,10,02,11,14.47,BMS,6
09,10,02,12,16.12,BMS,6
09,10,02,13,17.77,BMS,6
09,10,02,14,17.77,BMS,6
09,10,02,15,18.15,BMS,6
09,10,02,16,17.84,BMS,6
09,10,02,17,15.87,BMS,6
09,10,02,18,15.49,BMS,6
09,10,02,19,12.41,BMS,6
09,10,02,20,10.34,BMS,6
09,10,02,21,10.73,BMS,6
09,10,02,22,10.73,BMS,6
09,10,02,23,10.54,BMS,6
09,11,02,00,10.60,BMS,6
09,11,02,01,10.28,BMS,6
09,11,02,02,10.08,BMS,6
09,11,02,03,9.09,BMS,6
09,11,02,04,8.23,BMS,6
09,11,02,05,7.83,BMS,6
09,11,02,06,7.83,BMS,6
09,11,02,07,7.70,BMS,6
09,11,02,08,8.10,BMS,6
09,11,02,09,8.56,BMS,6
09,11,02,10,9.03,BMS,6
09,11,02,11,9.36,BMS,6
09,11,02,12,9.75,BMS,6
09,11,02,13,10.28,BMS,6
09,11,02,14,11.12,BMS,6
09,11,02,15,9.49,BMS,6
09,11,02,16,10.21,BMS,6
09,11,02,17,9.29,BMS,6
09,11,02,18,9.03,BMS,6
09,11,02,19,7.63,BMS,6
09,11,02,20,7.43,BMS,6
09,11,02,21,7.43,BMS,6
09,11,02,22,7.23,BMS,6
09,11,02,23,7.56,BMS,6
09,12,02,00,8.10,BMS,6
09,12,02,01,7.63,BMS,6
09,12,02,02,7.23,BMS,6
09,12,02,03,8.03,BMS,6
09,12,02,04,7.43,BMS,6
09,12,02,05,7.76,BMS,6
09,12,02,06,7.83,BMS,6
09,12,02,07,7.96,BMS,6
09,12,02,08,8.23,BMS,6
09,12,02,09,9.09,BMS,6
09,12,02,10,7.90,BMS,6
09,12,02,11,7.90,BMS,6
09,12,02,12,10.33,BMS,6
09,12,02,13,12.22,BMS,6
09,12,02,14,9.03,BMS,6
09,12,02,15,10.60,BMS,6
09,12,02,16,10.73,BMS,6
09,12,02,17,10.40,BMS,6
09,12,02,18,7.16,BMS,6
09,12,02,19,6.55,BMS,6
09,12,02,20,6.62,BMS,6
09,12,02,21,6.29,BMS,6
09,12,02,22,6.22,BMS,6
09,12,02,23,6.22,BMS,6
09,13,02,00,6.22,BMS,6
09,13,02,01,5.95,BMS,6
09,13,02,02,5.81,BMS,6
09,13,02,03,5.88,BMS,6
09,13,02,04,5.61,BMS,6
09,13,02,05,5.81,BMS,6
09,13,02,06,5.47,BMS,6
09,13,02,07,5.95,BMS,6
09,13,02,08,6.96,BMS,6
09,13,02,09,7.16,BMS,6
09,13,02,10,8.36,BMS,6
09,13,02,11,10.67,BMS,6
09,13,02,12,11.51,BMS,6
09,13,02,13,12.61,BMS,6
09,13,02,14,13.45,BMS,6
09,13,02,15,13.57,BMS,6
09,13,02,16,13.90,BMS,6
09,13,02,17,13.57,BMS,6
09,13,02,18,13.25,BMS,6
09,13,02,19,10.40,BMS,6
09,13,02,20,7.96,BMS,6
09,13,02,21,8.50,BMS,6
09,13,02,22,8.90,BMS,6
09,13,02,23,8.70,BMS,6
09,14,02,00,8.30,BMS,6
09,14,02,01,8.50,BMS,6
09,14,02,02,8.63,BMS,6
09,14,02,03,8.63,BMS,6
09,14,02,04,8.96,BMS,6
09,14,02,05,9.29,BMS,6
09,14,02,06,9.75,BMS,6
09,14,02,07,10.99,BMS,6
09,14,02,08,13.57,BMS,6
09,14,02,09,15.04,BMS,6
09,14,02,10,16.38,BMS,6
09,14,02,11,16.70,BMS,6
09,14,02,12,17.01,BMS,6
09,14,02,13,17.20,BMS,6
09,14,02,14,17.77,BMS,6
09,14,02,15,17.46,BMS,6
09,14,02,16,17.20,BMS,6
09,14,02,17,16.76,BMS,6
09,14,02,18,16.00,BMS,6
09,14,02,19,13.44,BMS,6
09,14,02,20,12.74,BMS,6
09,14,02,21,12.61,BMS,6
09,14,02,22,11.64,BMS,6
09,14,02,23,11.19,BMS,6
09,15,02,00,10.93,BMS,6
09,15,02,01,10.73,BMS,6
09,15,02,02,10.73,BMS,6
09,15,02,03,10.41,BMS,6
09,15,02,04,10.47,BMS,6
09,15,02,05,10.15,BMS,6
09,15,02,06,9.62,BMS,6
09,15,02,07,10.34,BMS,6
09,15,02,08,14.85,BMS,6
09,15,02,09,16.32,BMS,6
09,15,02,10,17.46,BMS,6
09,15,02,11,17.20,BMS,6
09,15,02,12,17.58,BMS,6
09,15,02,13,18.98,BMS,6
09,15,02,14,19.81,BMS,6
09,15,02,15,19.42,BMS,6
09,15,02,16,18.41,BMS,6
09,15,02,17,17.71,BMS,6
09,15,02,18,17.14,BMS,6
09,15,02,19,13.44,BMS,6
09,15,02,20,12.22,BMS,6
09,15,02,21,11.51,BMS,6
09,15,02,22,11.32,BMS,6
09,15,02,23,10.67,BMS,6
09,16,02,00,10.73,BMS,6
09,16,02,01,10.34,BMS,6
09,16,02,02,10.28,BMS,6
09,16,02,03,10.73,BMS,6
09,16,02,04,10.41,BMS,6
09,16,02,05,10.60,BMS,6
09,16,02,06,10.28,BMS,6
09,16,02,07,10.28,BMS,6
09,16,02,08,13.96,BMS,6
09,16,02,09,15.17,BMS,6
09,16,02,10,16.00,BMS,6
09,16,02,11,16.57,BMS,6
09,16,02,12,16.82,BMS,6
09,16,02,13,16.51,BMS,6
09,16,02,14,17.01,BMS,6
09,16,02,15,16.82,BMS,6
09,16,02,16,16.57,BMS,6
09,16,02,17,15.23,BMS,6
09,16,02,18,14.34,BMS,6
09,16,02,19,12.74,BMS,6
09,16,02,20,13.13,BMS,6
09,16,02,21,9.25,BMS,6
09,16,02,22,5.88,BMS,6
09,16,02,23,5.88,BMS,6
09,17,02,00,5.88,BMS,6
09,17,02,01,6.22,BMS,6
09,17,02,02,6.69,BMS,6
09,17,02,03,6.89,BMS,6
09,17,02,04,6.76,BMS,6
09,17,02,05,6.55,BMS,6
09,17,02,06,6.22,BMS,6
09,17,02,07,6.22,BMS,6
09,17,02,08,9.81,BMS,6
09,17,02,09,11.06,BMS,6
09,17,02,10,11.45,BMS,6
09,17,02,11,12.29,BMS,6
09,17,02,12,12.61,BMS,6
09,17,02,13,14.28,BMS,6
09,17,02,14,13.19,BMS,6
09,17,02,15,12.61,BMS,6
09,17,02,16,12.23,BMS,6
09,17,02,17,12.93,BMS,6
09,17,02,18,12.87,BMS,6
09,17,02,19,10.67,BMS,6
09,17,02,20,10.60,BMS,6
09,17,02,21,10.47,BMS,6
09,17,02,22,10.08,BMS,6
09,17,02,23,9.69,BMS,6
09,18,02,00,8.23,BMS,6
09,18,02,01,6.69,BMS,6
09,18,02,02,6.42,BMS,6
09,18,02,03,6.89,BMS,6
09,18,02,04,6.01,BMS,6
09,18,02,05,3.59,BMS,6
09,18,02,06,2.68,BMS,6
09,18,02,07,2.17,BMS,6
09,18,02,08,3.10,BMS,6
09,18,02,09,4.22,BMS,6
09,18,02,10,4.50,BMS,6
09,18,02,11,4.50,BMS,6
09,18,02,12,4.92,BMS,6
09,18,02,13,2.86,BMS,6
09,18,02,14,1.88,BMS,6
09,18,02,15,4.22,BMS,6
09,18,02,16,5.12,BMS,6
09,18,02,17,3.31,BMS,6
09,18,02,18,3.45,BMS,6
09,18,02,19,3.60,BMS,6
09,18,02,20,2.32,BMS,6
09,18,02,21,2.39,BMS,6
09,18,02,22,2.96,BMS,6
09,18,02,23,2.46,BMS,6
09,19,02,00,2.25,BMS,6
09,19,02,01,2.10,BMS,6
09,19,02,02,1.67,BMS,6
09,19,02,03,2.60,BMS,6
09,19,02,04,2.60,BMS,6
09,19,02,05,2.46,BMS,6
09,19,02,06,1.89,BMS,6
09,19,02,07,1.31,BMS,6
09,19,02,08,4.70,BMS,6
09,19,02,09,6.82,BMS,6
09,19,02,10,8.49,BMS,6
09,19,02,11,8.69,BMS,6
09,19,02,12,9.22,BMS,6
09,19,02,13,8.49,BMS,6
09,19,02,14,8.76,BMS,6
09,19,02,15,9.88,BMS,6
09,19,02,16,10.47,BMS,6
09,19,02,17,10.02,BMS,6
09,19,02,18,9.03,BMS,6
09,19,02,19,5.87,BMS,6
09,19,02,20,4.57,BMS,6
09,19,02,21,5.13,BMS,6
09,19,02,22,4.92,BMS,6
09,19,02,23,5.20,BMS,6
09,20,02,00,5.74,BMS,6
09,20,02,01,5.12,BMS,6
09,20,02,02,5.47,BMS,6
09,20,02,03,5.13,BMS,6
09,20,02,04,4.71,BMS,6
09,20,02,05,4.36,BMS,6
09,20,02,06,3.88,BMS,6
09,20,02,07,5.05,BMS,6
09,20,02,08,9.36,BMS,6
09,20,02,09,10.21,BMS,6
09,20,02,10,12.03,BMS,6
09,20,02,11,12.55,BMS,6
09,20,02,12,13.00,BMS,6
09,20,02,13,14.09,BMS,6
09,20,02,14,15.17,BMS,6
09,20,02,15,14.92,BMS,6
09,20,02,16,15.49,BMS,6
09,20,02,17,14.02,BMS,6
09,20,02,18,14.02,BMS,6
09,20,02,19,10.73,BMS,6
09,20,02,20,9.29,BMS,6
09,20,02,21,9.16,BMS,6
09,20,02,22,8.96,BMS,6
09,20,02,23,8.76,BMS,6
09,21,02,00,8.50,BMS,6
09,21,02,01,8.16,BMS,6
09,21,02,02,8.76,BMS,6
09,21,02,03,8.23,BMS,6
09,21,02,04,7.76,BMS,6
09,21,02,05,7.96,BMS,6
09,21,02,06,8.70,BMS,6
09,21,02,07,9.42,BMS,6
09,21,02,08,12.61,BMS,6
09,21,02,09,14.60,BMS,6
09,21,02,10,15.55,BMS,6
09,21,02,11,15.75,BMS,6
09,21,02,12,16.00,BMS,6
09,21,02,13,16.76,BMS,6
09,21,02,14,17.08,BMS,6
09,21,02,15,16.51,BMS,6
09,21,02,16,16.82,BMS,6
09,21,02,17,15.87,BMS,6
09,21,02,18,15.36,BMS,6
09,21,02,19,11.90,BMS,6
09,21,02,20,10.41,BMS,6
09,21,02,21,10.08,BMS,6
09,21,02,22,9.75,BMS,6
09,21,02,23,10.08,BMS,6
09,22,02,00,10.73,BMS,6
09,22,02,01,10.73,BMS,6
09,22,02,02,10.34,BMS,6
09,22,02,03,10.47,BMS,6
09,22,02,04,9.56,BMS,6
09,22,02,05,9.09,BMS,6
09,22,02,06,8.70,BMS,6
09,22,02,07,9.68,BMS,6
09,22,02,08,14.09,BMS,6
09,22,02,09,14.79,BMS,6
09,22,02,10,15.42,BMS,6
09,22,02,11,15.49,BMS,6
09,22,02,12,16.32,BMS,6
09,22,02,13,17.14,BMS,6
09,22,02,14,17.27,BMS,6
09,22,02,15,17.08,BMS,6
09,22,02,16,17.01,BMS,6
09,22,02,17,15.87,BMS,6
09,22,02,18,15.43,BMS,6
09,22,02,19,11.57,BMS,6
09,22,02,20,10.28,BMS,6
09,22,02,21,10.41,BMS,6
09,22,02,22,10.34,BMS,6
09,22,02,23,10.60,BMS,6
09,23,02,00,10.60,BMS,6
09,23,02,01,9.89,BMS,6
09,23,02,02,10.02,BMS,6
09,23,02,03,9.42,BMS,6
09,23,02,04,10.08,BMS,6
09,23,02,05,8.96,BMS,6
09,23,02,06,9.36,BMS,6
09,23,02,07,9.03,BMS,6
09,23,02,08,13.83,BMS,6
09,23,02,09,14.92,BMS,6
09,23,02,10,16.32,BMS,6
09,23,02,11,16.82,BMS,6
09,23,02,12,16.89,BMS,6
09,23,02,13,17.33,BMS,6
09,23,02,14,17.33,BMS,6
09,23,02,15,16.82,BMS,6
09,23,02,16,16.95,BMS,6
09,23,02,17,16.06,BMS,6
09,23,02,18,15.36,BMS,6
09,23,02,19,11.64,BMS,6
09,23,02,20,11.19,BMS,6
09,23,02,21,11.32,BMS,6
09,23,02,22,10.54,BMS,6
09,23,02,23,10.28,BMS,6
09,24,02,00,10.14,BMS,6
09,24,02,01,9.95,BMS,6
09,24,02,02,10.21,BMS,6
09,24,02,03,10.41,BMS,6
09,24,02,04,10.15,BMS,6
09,24,02,05,10.08,BMS,6
09,24,02,06,9.89,BMS,6
09,24,02,07,9.95,BMS,6
09,24,02,08,14.40,BMS,6
09,24,02,09,15.87,BMS,6
09,24,02,10,17.20,BMS,6
09,24,02,11,17.27,BMS,6
09,24,02,12,18.34,BMS,6
09,24,02,13,19.55,BMS,6
09,24,02,14,19.23,BMS,6
09,24,02,15,19.23,BMS,6
09,24,02,16,18.98,BMS,6
09,24,02,17,17.90,BMS,6
09,24,02,18,16.82,BMS,6
09,24,02,19,13.57,BMS,6
09,24,02,20,12.68,BMS,6
09,24,02,21,12.74,BMS,6
09,24,02,22,12.16,BMS,6
09,24,02,23,12.10,BMS,6
09,25,02,00,12.68,BMS,6
09,25,02,01,12.87,BMS,6
09,25,02,02,12.80,BMS,6
09,25,02,03,12.68,BMS,6
09,25,02,04,11.97,BMS,6
09,25,02,05,11.71,BMS,6
09,25,02,06,11.25,BMS,6
09,25,02,07,11.38,BMS,6
09,25,02,08,12.68,BMS,6
09,25,02,09,13.57,BMS,6
09,25,02,10,14.66,BMS,6
09,25,02,11,14.60,BMS,6
09,25,02,12,17.01,BMS,6
09,25,02,13,18.22,BMS,6
09,25,02,14,15.68,BMS,6
09,25,02,15,13.70,BMS,6
09,25,02,16,12.48,BMS,6
09,25,02,17,11.32,BMS,6
09,25,02,18,11.19,BMS,6
09,25,02,19,10.80,BMS,6
09,25,02,20,10.40,BMS,6
09,25,02,21,7.30,BMS,6
09,25,02,22,7.76,BMS,6
09,25,02,23,5.40,BMS,6
09,26,02,00,5.74,BMS,6
09,26,02,01,6.15,BMS,6
09,26,02,02,6.96,BMS,6
09,26,02,03,7.36,BMS,6
09,26,02,04,7.23,BMS,6
09,26,02,05,6.29,BMS,6
09,26,02,06,5.67,BMS,6
09,26,02,07,5.33,BMS,6
09,26,02,08,8.96,BMS,6
09,26,02,09,11.32,BMS,6
09,26,02,10,12.42,BMS,6
09,26,02,11,12.87,BMS,6
09,26,02,12,13.06,BMS,6
09,26,02,13,13.77,BMS,6
09,26,02,14,14.34,BMS,6
09,26,02,15,14.34,BMS,6
09,26,02,16,14.34,BMS,6
09,26,02,17,13.51,BMS,6
09,26,02,18,12.61,BMS,6
09,26,02,19,9.29,BMS,6
09,26,02,20,8.36,BMS,6
09,26,02,21,8.76,BMS,6
09,26,02,22,9.16,BMS,6
09,26,02,23,9.88,BMS,6
09,27,02,00,10.41,BMS,6
09,27,02,01,10.15,BMS,6
09,27,02,02,9.42,BMS,6
09,27,02,03,9.75,BMS,6
09,27,02,04,10.08,BMS,6
09,27,02,05,9.88,BMS,6
09,27,02,06,9.69,BMS,6
09,27,02,07,9.42,BMS,6
09,27,02,08,10.54,BMS,6
09,27,02,09,11.25,BMS,6
09,27,02,10,11.58,BMS,6
09,27,02,11,12.03,BMS,6
09,27,02,12,13.12,BMS,6
09,27,02,13,14.14,BMS,6
09,27,02,14,13.44,BMS,6
09,27,02,15,15.30,BMS,6
09,27,02,16,14.79,BMS,6
09,27,02,17,15.30,BMS,6
09,27,02,18,14.41,BMS,6
09,27,02,19,12.48,BMS,6
09,27,02,20,11.25,BMS,6
09,27,02,21,11.25,BMS,6
09,27,02,22,10.54,BMS,6
09,27,02,23,10.15,BMS,6
09,28,02,00,9.62,BMS,6
09,28,02,01,9.95,BMS,6
09,28,02,02,9.49,BMS,6
09,28,02,03,8.76,BMS,6
09,28,02,04,8.50,BMS,6
09,28,02,05,8.23,BMS,6
09,28,02,06,7.76,BMS,6
09,28,02,07,7.76,BMS,6
09,28,02,08,8.83,BMS,6
09,28,02,09,9.75,BMS,6
09,28,02,10,11.84,BMS,6
09,28,02,11,10.99,BMS,6
09,28,02,12,10.86,BMS,6
09,28,02,13,11.12,BMS,6
09,28,02,14,12.29,BMS,6
09,28,02,15,11.84,BMS,6
09,28,02,16,12.16,BMS,6
09,28,02,17,8.56,BMS,6
09,28,02,18,5.32,BMS,6
09,28,02,19,4.57,BMS,6
09,28,02,20,4.01,BMS,6
09,28,02,21,3.74,BMS,6
09,28,02,22,3.88,BMS,6
09,28,02,23,4.01,BMS,6
09,29,02,00,3.74,BMS,6
09,29,02,01,3.74,BMS,6
09,29,02,02,3.67,BMS,6
09,29,02,03,3.24,BMS,6
09,29,02,04,3.67,BMS,6
09,29,02,05,4.22,BMS,6
09,29,02,06,4.57,BMS,6
09,29,02,07,4.29,BMS,6
09,29,02,08,6.82,BMS,6
09,29,02,09,9.29,BMS,6
09,29,02,10,10.34,BMS,6
09,29,02,11,8.69,BMS,6
09,29,02,12,7.76,BMS,6
09,29,02,13,8.43,BMS,6
09,29,02,14,8.10,BMS,6
09,29,02,15,5.60,BMS,6
09,29,02,16,1.74,BMS,6
09,29,02,17,1.46,BMS,6
09,29,02,18,3.03,BMS,6
09,29,02,19,2.96,BMS,6
09,29,02,20,3.31,BMS,6
09,29,02,21,3.38,BMS,6
09,29,02,22,3.53,BMS,6
09,29,02,23,3.95,BMS,6
09,30,02,00,3.74,BMS,6
09,30,02,01,3.60,BMS,6
09,30,02,02,4.08,BMS,6
09,30,02,03,3.81,BMS,6
09,30,02,04,2.89,BMS,6
09,30,02,05,2.75,BMS,6
09,30,02,06,3.60,BMS,6
09,30,02,07,3.74,BMS,6
09,30,02,08,5.19,BMS,6
09,30,02,09,8.36,BMS,6
09,30,02,10,9.29,BMS,6
09,30,02,11,10.28,BMS,6
09,30,02,12,10.86,BMS,6
09,30,02,13,11.71,BMS,6
09,30,02,14,11.97,BMS,6
09,30,02,15,11.25,BMS,6
09,30,02,16,11.64,BMS,6
09,30,02,17,10.73,BMS,6
09,30,02,18,9.49,BMS,6
09,30,02,19,7.16,BMS,6
09,30,02,20,6.62,BMS,6
09,30,02,21,6.02,BMS,6
09,30,02,22,5.81,BMS,6
09,30,02,23,6.62,BMS,6
10,01,02,00,6.22,BMS,6
10,01,02,01,5.88,BMS,6
10,01,02,02,6.29,BMS,6
10,01,02,03,5.95,BMS,6
10,01,02,04,4.92,BMS,6
10,01,02,05,4.29,BMS,6
10,01,02,06,3.88,BMS,6
10,01,02,07,3.74,BMS,6
10,01,02,08,6.41,BMS,6
10,01,02,09,8.30,BMS,6
10,01,02,10,9.56,BMS,6
10,01,02,11,10.34,BMS,6
10,01,02,12,10.86,BMS,6
10,01,02,13,11.71,BMS,6
10,01,02,14,10.21,BMS,6
10,01,02,15,9.95,BMS,6
10,01,02,16,8.03,BMS,6
10,01,02,17,7.22,BMS,6
10,01,02,18,6.96,BMS,6
10,01,02,19,6.83,BMS,6
10,01,02,20,7.23,BMS,6
10,01,02,21,6.69,BMS,6
10,01,02,22,6.35,BMS,6
10,01,02,23,6.02,BMS,6
10,02,02,00,5.61,BMS,6
10,02,02,01,4.78,BMS,6
10,02,02,02,3.10,BMS,6
10,02,02,03,2.53,BMS,6
10,02,02,04,0.95,BMS,6
10,02,02,05,1.53,BMS,6
10,02,02,06,1.82,BMS,6
10,02,02,07,1.82,BMS,6
10,02,02,08,3.24,BMS,6
10,02,02,09,3.95,BMS,6
10,02,02,10,3.38,BMS,6
10,02,02,11,1.53,BMS,6
10,02,02,12,3.66,BMS,6
10,02,02,13,5.40,BMS,6
10,02,02,14,5.54,BMS,6
10,02,02,15,5.60,BMS,6
10,02,02,16,3.73,BMS,6
10,02,02,17,2.68,BMS,6
10,02,02,18,2.32,BMS,6
10,02,02,19,1.74,BMS,6
10,02,02,20,1.60,BMS,6
10,02,02,21,0.65,BMS,6
10,02,02,22,0.14,BMS,6
10,02,02,23,0.07,BMS,6
10,03,02,00,-0.24,BMS,6
10,03,02,01,-0.76,BMS,6
10,03,02,02,-1.21,BMS,6
10,03,02,03,-2.13,BMS,6
10,03,02,04,-2.44,BMS,6
10,03,02,05,-2.82,BMS,6
10,03,02,06,-2.90,BMS,6
10,03,02,07,-3.37,BMS,6
10,03,02,08,-3.06,BMS,6
10,03,02,09,-2.13,BMS,6
10,03,02,10,-1.97,BMS,6
10,03,02,11,-1.74,BMS,6
10,03,02,12,-1.82,BMS,6
10,03,02,13,-0.76,BMS,6
10,03,02,14,-0.61,BMS,6
10,03,02,15,-0.99,BMS,6
10,03,02,16,-0.69,BMS,6
10,03,02,17,0.06,BMS,6
10,03,02,18,-0.69,BMS,6
10,03,02,19,-1.44,BMS,6
10,03,02,20,-1.82,BMS,6
10,03,02,21,-1.06,BMS,6
10,03,02,22,-1.06,BMS,6
10,03,02,23,-1.97,BMS,6
10,04,02,00,-1.97,BMS,6
10,04,02,01,-1.97,BMS,6
10,04,02,02,-2.13,BMS,6
10,04,02,03,-1.97,BMS,6
10,04,02,04,-1.97,BMS,6
10,04,02,05,-1.74,BMS,6
10,04,02,06,-2.36,BMS,6
10,04,02,07,-2.52,BMS,6
10,04,02,08,0.77,BMS,6
10,04,02,09,2.96,BMS,6
10,04,02,10,4.01,BMS,6
10,04,02,11,5.81,BMS,6
10,04,02,12,7.16,BMS,6
10,04,02,13,7.63,BMS,6
10,04,02,14,6.07,BMS,6
10,04,02,15,4.99,BMS,6
10,04,02,16,5.13,BMS,6
10,04,02,17,4.02,BMS,6
10,04,02,18,3.03,BMS,6
10,04,02,19,2.89,BMS,6
10,04,02,20,2.60,BMS,6
10,04,02,21,2.10,BMS,6
10,04,02,22,1.96,BMS,6
10,04,02,23,2.25,BMS,6
10,05,02,00,2.03,BMS,6
10,05,02,01,2.03,BMS,6
10,05,02,02,1.74,BMS,6
10,05,02,03,1.02,BMS,6
10,05,02,04,0.58,BMS,6
10,05,02,05,0.51,BMS,6
10,05,02,06,0.95,BMS,6
10,05,02,07,0.36,BMS,6
10,05,02,08,3.36,BMS,6
10,05,02,09,6.02,BMS,6
10,05,02,10,7.90,BMS,6
10,05,02,11,8.76,BMS,6
10,05,02,12,9.36,BMS,6
10,05,02,13,9.82,BMS,6
10,05,02,14,10.41,BMS,6
10,05,02,15,9.95,BMS,6
10,05,02,16,9.23,BMS,6
10,05,02,17,8.43,BMS,6
10,05,02,18,7.30,BMS,6
10,05,02,19,4.09,BMS,6
10,05,02,20,3.45,BMS,6
10,05,02,21,3.24,BMS,6
10,05,02,22,2.96,BMS,6
10,05,02,23,2.89,BMS,6
10,06,02,00,2.32,BMS,6
10,06,02,01,2.68,BMS,6
10,06,02,02,2.53,BMS,6
10,06,02,03,2.60,BMS,6
10,06,02,04,2.39,BMS,6
10,06,02,05,2.25,BMS,6
10,06,02,06,2.25,BMS,6
10,06,02,07,2.46,BMS,6
10,06,02,08,4.83,BMS,6
10,06,02,09,8.03,BMS,6
10,06,02,10,9.03,BMS,6
10,06,02,11,10.67,BMS,6
10,06,02,12,10.86,BMS,6
10,06,02,13,11.51,BMS,6
10,06,02,14,11.90,BMS,6
10,06,02,15,11.71,BMS,6
10,06,02,16,11.71,BMS,6
10,06,02,17,10.73,BMS,6
10,06,02,18,8.09,BMS,6
10,06,02,19,5.81,BMS,6
10,06,02,20,6.42,BMS,6
10,06,02,21,6.49,BMS,6
10,06,02,22,6.62,BMS,6
10,06,02,23,6.02,BMS,6
10,07,02,00,5.67,BMS,6
10,07,02,01,5.95,BMS,6
10,07,02,02,6.69,BMS,6
10,07,02,03,6.15,BMS,6
10,07,02,04,6.01,BMS,6
10,07,02,05,6.02,BMS,6
10,07,02,06,6.02,BMS,6
10,07,02,07,5.67,BMS,6
10,07,02,08,7.88,BMS,6
10,07,02,09,10.80,BMS,6
10,07,02,10,12.55,BMS,6
10,07,02,11,13.13,BMS,6
10,07,02,12,13.45,BMS,6
10,07,02,13,13.83,BMS,6
10,07,02,14,14.34,BMS,6
10,07,02,15,13.58,BMS,6
10,07,02,16,13.45,BMS,6
10,07,02,17,12.61,BMS,6
10,07,02,18,10.34,BMS,6
10,07,02,19,7.56,BMS,6
10,07,02,20,6.89,BMS,6
10,07,02,21,6.35,BMS,6
10,07,02,22,7.03,BMS,6
10,07,02,23,6.69,BMS,6
10,08,02,00,6.69,BMS,6
10,08,02,01,6.76,BMS,6
10,08,02,02,6.89,BMS,6
10,08,02,03,6.62,BMS,6
10,08,02,04,6.29,BMS,6
10,08,02,05,6.22,BMS,6
10,08,02,06,6.08,BMS,6
10,08,02,07,6.55,BMS,6
10,08,02,08,8.68,BMS,6
10,08,02,09,11.84,BMS,6
10,08,02,10,12.36,BMS,6
10,08,02,11,12.93,BMS,6
10,08,02,12,13.45,BMS,6
10,08,02,13,14.41,BMS,6
10,08,02,14,14.53,BMS,6
10,08,02,15,14.53,BMS,6
10,08,02,16,13.58,BMS,6
10,08,02,17,12.55,BMS,6
10,08,02,18,10.40,BMS,6
10,08,02,19,6.76,BMS,6
10,08,02,20,7.09,BMS,6
10,08,02,21,7.43,BMS,6
10,08,02,22,7.36,BMS,6
10,08,02,23,7.43,BMS,6
10,09,02,00,7.03,BMS,6
10,09,02,01,6.49,BMS,6
10,09,02,02,5.81,BMS,6
10,09,02,03,5.67,BMS,6
10,09,02,04,5.67,BMS,6
10,09,02,05,5.67,BMS,6
10,09,02,06,5.88,BMS,6
10,09,02,07,6.02,BMS,6
10,09,02,08,7.82,BMS,6
10,09,02,09,11.32,BMS,6
10,09,02,10,11.77,BMS,6
10,09,02,11,12.49,BMS,6
10,09,02,12,13.19,BMS,6
10,09,02,13,13.64,BMS,6
10,09,02,14,13.58,BMS,6
10,09,02,15,13.64,BMS,6
10,09,02,16,13.45,BMS,6
10,09,02,17,12.48,BMS,6
10,09,02,18,9.81,BMS,6
10,09,02,19,8.16,BMS,6
10,09,02,20,7.43,BMS,6
10,09,02,21,7.36,BMS,6
10,09,02,22,7.23,BMS,6
10,09,02,23,7.83,BMS,6
10,10,02,00,7.16,BMS,6
10,10,02,01,6.96,BMS,6
10,10,02,02,7.16,BMS,6
10,10,02,03,6.62,BMS,6
10,10,02,04,6.69,BMS,6
10,10,02,05,6.62,BMS,6
10,10,02,06,6.69,BMS,6
10,10,02,07,6.69,BMS,6
10,10,02,08,9.01,BMS,6
10,10,02,09,12.80,BMS,6
10,10,02,10,14.53,BMS,6
10,10,02,11,15.04,BMS,6
10,10,02,12,15.43,BMS,6
10,10,02,13,15.94,BMS,6
10,10,02,14,15.17,BMS,6
10,10,02,15,15.17,BMS,6
10,10,02,16,14.53,BMS,6
10,10,02,17,13.45,BMS,6
10,10,02,18,10.99,BMS,6
10,10,02,19,10.02,BMS,6
10,10,02,20,9.55,BMS,6
10,10,02,21,9.10,BMS,6
10,10,02,22,8.90,BMS,6
10,10,02,23,9.88,BMS,6
10,11,02,00,10.21,BMS,6
10,11,02,01,10.02,BMS,6
10,11,02,02,9.49,BMS,6
10,11,02,03,9.03,BMS,6
10,11,02,04,8.56,BMS,6
10,11,02,05,7.70,BMS,6
10,11,02,06,7.56,BMS,6
10,11,02,07,7.96,BMS,6
10,11,02,08,8.83,BMS,6
10,11,02,09,9.42,BMS,6
10,11,02,10,10.02,BMS,6
10,11,02,11,12.03,BMS,6
10,11,02,12,13.26,BMS,6
10,11,02,13,13.25,BMS,6
10,11,02,14,12.36,BMS,6
10,11,02,15,12.35,BMS,6
10,11,02,16,11.77,BMS,6
10,11,02,17,10.73,BMS,6
10,11,02,18,9.42,BMS,6
10,11,02,19,7.43,BMS,6
10,11,02,20,6.62,BMS,6
10,11,02,21,5.88,BMS,6
10,11,02,22,5.06,BMS,6
10,11,02,23,4.02,BMS,6
10,12,02,00,3.24,BMS,6
10,12,02,01,2.60,BMS,6
10,12,02,02,2.46,BMS,6
10,12,02,03,1.96,BMS,6
10,12,02,04,1.67,BMS,6
10,12,02,05,2.10,BMS,6
10,12,02,06,1.67,BMS,6
10,12,02,07,2.03,BMS,6
10,12,02,08,4.70,BMS,6
10,12,02,09,5.67,BMS,6
10,12,02,10,8.23,BMS,6
10,12,02,11,10.15,BMS,6
10,12,02,12,10.34,BMS,6
10,12,02,13,10.93,BMS,6
10,12,02,14,9.82,BMS,6
10,12,02,15,11.12,BMS,6
10,12,02,16,9.75,BMS,6
10,12,02,17,7.90,BMS,6
10,12,02,18,5.74,BMS,6
10,12,02,19,4.71,BMS,6
10,12,02,20,4.50,BMS,6
10,12,02,21,4.71,BMS,6
10,12,02,22,4.99,BMS,6
10,12,02,23,4.85,BMS,6
10,13,02,00,4.85,BMS,6
10,13,02,01,4.02,BMS,6
10,13,02,02,4.50,BMS,6
10,13,02,03,3.46,BMS,6
10,13,02,04,3.24,BMS,6
10,13,02,05,2.96,BMS,6
10,13,02,06,2.89,BMS,6
10,13,02,07,2.67,BMS,6
10,13,02,08,5.02,BMS,6
10,13,02,09,9.29,BMS,6
10,13,02,10,10.54,BMS,6
10,13,02,11,11.12,BMS,6
10,13,02,12,12.48,BMS,6
10,13,02,13,13.32,BMS,6
10,13,02,14,12.55,BMS,6
10,13,02,15,12.55,BMS,6
10,13,02,16,12.23,BMS,6
10,13,02,17,11.25,BMS,6
10,13,02,18,8.82,BMS,6
10,13,02,19,5.95,BMS,6
10,13,02,20,5.74,BMS,6
10,13,02,21,4.64,BMS,6
10,13,02,22,4.85,BMS,6
10,13,02,23,4.85,BMS,6
10,14,02,00,4.64,BMS,6
10,14,02,01,4.50,BMS,6
10,14,02,02,4.29,BMS,6
10,14,02,03,3.88,BMS,6
10,14,02,04,3.17,BMS,6
10,14,02,05,3.52,BMS,6
10,14,02,06,3.59,BMS,6
10,14,02,07,2.82,BMS,6
10,14,02,08,5.72,BMS,6
10,14,02,09,9.49,BMS,6
10,14,02,10,10.93,BMS,6
10,14,02,11,11.12,BMS,6
10,14,02,12,11.51,BMS,6
10,14,02,13,12.10,BMS,6
10,14,02,14,11.97,BMS,6
10,14,02,15,12.16,BMS,6
10,14,02,16,11.58,BMS,6
10,14,02,17,10.14,BMS,6
10,14,02,18,7.02,BMS,6
10,14,02,19,5.54,BMS,6
10,14,02,20,5.88,BMS,6
10,14,02,21,6.35,BMS,6
10,14,02,22,7.29,BMS,6
10,14,02,23,4.85,BMS,6
10,15,02,00,5.67,BMS,6
10,15,02,01,5.26,BMS,6
10,15,02,02,4.92,BMS,6
10,15,02,03,4.64,BMS,6
10,15,02,04,4.29,BMS,6
10,15,02,05,4.64,BMS,6
10,15,02,06,4.92,BMS,6
10,15,02,07,4.71,BMS,6
10,15,02,08,7.48,BMS,6
10,15,02,09,10.86,BMS,6
10,15,02,10,11.45,BMS,6
10,15,02,11,12.93,BMS,6
10,15,02,12,13.90,BMS,6
10,15,02,13,13.77,BMS,6
10,15,02,14,13.19,BMS,6
10,15,02,15,12.80,BMS,6
10,15,02,16,11.90,BMS,6
10,15,02,17,10.99,BMS,6
10,15,02,18,8.42,BMS,6
10,15,02,19,5.54,BMS,6
10,15,02,20,5.20,BMS,6
10,15,02,21,5.20,BMS,6
10,15,02,22,4.71,BMS,6
10,15,02,23,4.99,BMS,6
10,16,02,00,4.92,BMS,6
10,16,02,01,5.13,BMS,6
10,16,02,02,4.99,BMS,6
10,16,02,03,5.26,BMS,6
10,16,02,04,4.78,BMS,6
10,16,02,05,4.22,BMS,6
10,16,02,06,4.22,BMS,6
10,16,02,07,4.57,BMS,6
10,16,02,08,7.48,BMS,6
10,16,02,09,10.27,BMS,6
10,16,02,10,11.84,BMS,6
10,16,02,11,12.80,BMS,6
10,16,02,12,12.74,BMS,6
10,16,02,13,13.19,BMS,6
10,16,02,14,13.38,BMS,6
10,16,02,15,13.00,BMS,6
10,16,02,16,12.36,BMS,6
10,16,02,17,11.38,BMS,6
10,16,02,18,8.42,BMS,6
10,16,02,19,6.62,BMS,6
10,16,02,20,6.49,BMS,6
10,16,02,21,5.94,BMS,6
10,16,02,22,6.56,BMS,6
10,16,02,23,5.88,BMS,6
10,17,02,00,5.67,BMS,6
10,17,02,01,5.54,BMS,6
10,17,02,02,5.88,BMS,6
10,17,02,03,5.40,BMS,6
10,17,02,04,5.81,BMS,6
10,17,02,05,5.33,BMS,6
10,17,02,06,5.06,BMS,6
10,17,02,07,5.06,BMS,6
10,17,02,08,7.61,BMS,6
10,17,02,09,11.19,BMS,6
10,17,02,10,13.00,BMS,6
10,17,02,11,13.64,BMS,6
10,17,02,12,13.90,BMS,6
10,17,02,13,14.02,BMS,6
10,17,02,14,14.28,BMS,6
10,17,02,15,13.51,BMS,6
10,17,02,16,12.93,BMS,6
10,17,02,17,9.22,BMS,6
10,17,02,18,6.89,BMS,6
10,17,02,19,5.54,BMS,6
10,17,02,20,4.64,BMS,6
10,17,02,21,4.22,BMS,6
10,17,02,22,3.45,BMS,6
10,17,02,23,3.10,BMS,6
10,18,02,00,3.03,BMS,6
10,18,02,01,3.03,BMS,6
10,18,02,02,2.67,BMS,6
10,18,02,03,3.45,BMS,6
10,18,02,04,2.39,BMS,6
10,18,02,05,1.96,BMS,6
10,18,02,06,1.60,BMS,6
10,18,02,07,0.88,BMS,6
10,18,02,08,3.09,BMS,6
10,18,02,09,6.15,BMS,6
10,18,02,10,8.56,BMS,6
10,18,02,11,9.29,BMS,6
10,18,02,12,9.82,BMS,6
10,18,02,13,11.06,BMS,6
10,18,02,14,11.38,BMS,6
10,18,02,15,10.28,BMS,6
10,18,02,16,10.21,BMS,6
10,18,02,17,9.36,BMS,6
10,18,02,18,6.48,BMS,6
10,18,02,19,4.63,BMS,6
10,18,02,20,5.95,BMS,6
10,18,02,21,4.36,BMS,6
10,18,02,22,3.53,BMS,6
10,18,02,23,3.38,BMS,6
10,19,02,00,4.78,BMS,6
10,19,02,01,4.29,BMS,6
10,19,02,02,3.87,BMS,6
10,19,02,03,3.03,BMS,6
10,19,02,04,2.89,BMS,6
10,19,02,05,2.75,BMS,6
10,19,02,06,2.74,BMS,6
10,19,02,07,3.38,BMS,6
10,19,02,08,4.82,BMS,6
10,19,02,09,8.10,BMS,6
10,19,02,10,9.75,BMS,6
10,19,02,11,10.86,BMS,6
10,19,02,12,11.58,BMS,6
10,19,02,13,11.84,BMS,6
10,19,02,14,12.23,BMS,6
10,19,02,15,11.71,BMS,6
10,19,02,16,10.93,BMS,6
10,19,02,17,9.82,BMS,6
10,19,02,18,7.02,BMS,6
10,19,02,19,4.22,BMS,6
10,19,02,20,3.80,BMS,6
10,19,02,21,3.60,BMS,6
10,19,02,22,3.74,BMS,6
10,19,02,23,3.24,BMS,6
10,20,02,00,3.03,BMS,6
10,20,02,01,2.96,BMS,6
10,20,02,02,2.96,BMS,6
10,20,02,03,3.03,BMS,6
10,20,02,04,3.03,BMS,6
10,20,02,05,2.39,BMS,6
10,20,02,06,2.60,BMS,6
10,20,02,07,2.60,BMS,6
10,20,02,08,4.15,BMS,6
10,20,02,09,7.76,BMS,6
10,20,02,10,9.88,BMS,6
10,20,02,11,10.86,BMS,6
10,20,02,12,11.12,BMS,6
10,20,02,13,12.41,BMS,6
10,20,02,14,11.25,BMS,6
10,20,02,15,10.54,BMS,6
10,20,02,16,9.82,BMS,6
10,20,02,17,8.16,BMS,6
10,20,02,18,5.81,BMS,6
10,20,02,19,3.95,BMS,6
10,20,02,20,3.53,BMS,6
10,20,02,21,3.45,BMS,6
10,20,02,22,3.38,BMS,6
10,20,02,23,3.03,BMS,6
10,21,02,00,2.75,BMS,6
10,21,02,01,2.46,BMS,6
10,21,02,02,2.75,BMS,6
10,21,02,03,2.25,BMS,6
10,21,02,04,1.96,BMS,6
10,21,02,05,2.10,BMS,6
10,21,02,06,1.89,BMS,6
10,21,02,07,1.96,BMS,6
10,21,02,08,4.34,BMS,6
10,21,02,09,7.70,BMS,6
10,21,02,10,9.49,BMS,6
10,21,02,11,10.73,BMS,6
10,21,02,12,11.71,BMS,6
10,21,02,13,11.97,BMS,6
10,21,02,14,11.51,BMS,6
10,21,02,15,10.67,BMS,6
10,21,02,16,10.08,BMS,6
10,21,02,17,8.03,BMS,6
10,21,02,18,6.96,BMS,6
10,21,02,19,4.15,BMS,6
10,21,02,20,3.17,BMS,6
10,21,02,21,3.31,BMS,6
10,21,02,22,3.24,BMS,6
10,21,02,23,3.03,BMS,6
10,22,02,00,3.31,BMS,6
10,22,02,01,3.80,BMS,6
10,22,02,02,3.17,BMS,6
10,22,02,03,3.24,BMS,6
10,22,02,04,4.29,BMS,6
10,22,02,05,3.38,BMS,6
10,22,02,06,3.17,BMS,6
10,22,02,07,3.81,BMS,6
10,22,02,08,4.29,BMS,6
10,22,02,09,5.74,BMS,6
10,22,02,10,8.23,BMS,6
10,22,02,11,10.21,BMS,6
10,22,02,12,9.82,BMS,6
10,22,02,13,7.48,BMS,6
10,22,02,14,6.75,BMS,6
10,22,02,15,5.60,BMS,6
10,22,02,16,1.50,BMS,6
10,22,02,17,0.14,BMS,6
10,22,02,18,0.29,BMS,6
10,22,02,19,0.44,BMS,6
10,22,02,20,0.51,BMS,6
10,22,02,21,0.73,BMS,6
10,22,02,22,0.80,BMS,6
10,22,02,23,1.17,BMS,6
10,23,02,00,0.95,BMS,6
10,23,02,01,1.02,BMS,6
10,23,02,02,1.17,BMS,6
10,23,02,03,0.51,BMS,6
10,23,02,04,0.51,BMS,6
10,23,02,05,0.29,BMS,6
10,23,02,06,-0.84,BMS,6
10,23,02,07,-0.99,BMS,6
10,23,02,08,0.29,BMS,6
10,23,02,09,1.10,BMS,6
10,23,02,10,1.89,BMS,6
10,23,02,11,1.38,BMS,6
10,23,02,12,0.29,BMS,6
10,23,02,13,1.53,BMS,6
10,23,02,14,2.75,BMS,6
10,23,02,15,3.73,BMS,6
10,23,02,16,4.01,BMS,6
10,23,02,17,3.38,BMS,6
10,23,02,18,1.74,BMS,6
10,23,02,19,-0.09,BMS,6
10,23,02,20,0.29,BMS,6
10,23,02,21,0.95,BMS,6
10,23,02,22,0.07,BMS,6
10,23,02,23,0.22,BMS,6
10,24,02,00,0.36,BMS,6
10,24,02,01,0.73,BMS,6
10,24,02,02,0.43,BMS,6
10,24,02,03,0.22,BMS,6
10,24,02,04,-0.39,BMS,6
10,24,02,05,-0.54,BMS,6
10,24,02,06,-0.99,BMS,6
10,24,02,07,-0.99,BMS,6
10,24,02,08,-1.36,BMS,6
10,24,02,09,0.06,BMS,6
10,24,02,10,1.31,BMS,6
10,24,02,11,3.17,BMS,6
10,24,02,12,3.03,BMS,6
10,24,02,13,4.92,BMS,6
10,24,02,14,6.08,BMS,6
10,24,02,15,5.60,BMS,6
10,24,02,16,4.21,BMS,6
10,24,02,17,0.95,BMS,6
10,24,02,18,-0.24,BMS,6
10,24,02,19,-0.76,BMS,6
10,24,02,20,-0.61,BMS,6
10,24,02,21,-0.61,BMS,6
10,24,02,22,-1.06,BMS,6
10,24,02,23,-1.90,BMS,6
10,25,02,00,-0.76,BMS,6
10,25,02,01,-1.06,BMS,6
10,25,02,02,-0.84,BMS,6
10,25,02,03,-1.06,BMS,6
10,25,02,04,-1.14,BMS,6
10,25,02,05,-1.21,BMS,6
10,25,02,06,-1.44,BMS,6
10,25,02,07,-1.66,BMS,6
10,25,02,08,-0.39,BMS,6
10,25,02,09,2.31,BMS,6
10,25,02,10,4.29,BMS,6
10,25,02,11,5.12,BMS,6
10,25,02,12,6.69,BMS,6
10,25,02,13,7.63,BMS,6
10,25,02,14,6.48,BMS,6
10,25,02,15,7.50,BMS,6
10,25,02,16,5.74,BMS,6
10,25,02,17,4.43,BMS,6
10,25,02,18,1.74,BMS,6
10,25,02,19,0.80,BMS,6
10,25,02,20,1.31,BMS,6
10,25,02,21,0.80,BMS,6
10,25,02,22,1.02,BMS,6
10,25,02,23,0.80,BMS,6
10,26,02,00,0.51,BMS,6
10,26,02,01,1.17,BMS,6
10,26,02,02,1.09,BMS,6
10,26,02,03,0.21,BMS,6
10,26,02,04,0.95,BMS,6
10,26,02,05,1.39,BMS,6
10,26,02,06,1.53,BMS,6
10,26,02,07,1.31,BMS,6
10,26,02,08,0.21,BMS,6
10,26,02,09,1.31,BMS,6
10,26,02,10,0.80,BMS,6
10,26,02,11,1.24,BMS,6
10,26,02,12,3.24,BMS,6
10,26,02,13,2.17,BMS,6
10,26,02,14,4.57,BMS,6
10,26,02,15,3.80,BMS,6
10,26,02,16,4.85,BMS,6
10,26,02,17,3.59,BMS,6
10,26,02,18,1.24,BMS,6
10,26,02,19,-0.61,BMS,6
10,26,02,20,-1.06,BMS,6
10,26,02,21,-1.82,BMS,6
10,26,02,22,-1.29,BMS,6
10,26,02,23,-0.99,BMS,6
10,27,02,00,-0.39,BMS,6
10,27,02,01,-0.24,BMS,6
10,27,02,01,-0.46,BMS,6
10,27,02,02,-0.61,BMS,6
10,27,02,03,-0.61,BMS,6
10,27,02,04,-0.69,BMS,6
10,27,02,05,-0.91,BMS,6
10,27,02,06,-1.21,BMS,6
10,27,02,07,-0.69,BMS,6
10,27,02,08,0.58,BMS,6
10,27,02,09,1.89,BMS,6
10,27,02,10,2.74,BMS,6
10,27,02,11,2.24,BMS,6
10,27,02,12,0.50,BMS,6
10,27,02,13,-0.46,BMS,6
10,27,02,14,0.21,BMS,6
10,27,02,15,1.10,BMS,6
10,27,02,16,0.29,BMS,6
10,27,02,17,-1.14,BMS,6
10,27,02,18,-1.97,BMS,6
10,27,02,19,-2.13,BMS,6
10,27,02,20,-2.52,BMS,6
10,27,02,21,-2.59,BMS,6
10,27,02,22,-2.44,BMS,6
10,27,02,23,-2.90,BMS,6
10,28,02,00,-2.98,BMS,6
10,28,02,01,-3.14,BMS,6
10,28,02,02,-3.06,BMS,6
10,28,02,03,-3.85,BMS,6
10,28,02,04,-3.77,BMS,6
10,28,02,05,-3.61,BMS,6
10,28,02,06,-3.22,BMS,6
10,28,02,07,-1.90,BMS,6
10,28,02,08,-0.39,BMS,6
10,28,02,09,1.81,BMS,6
10,28,02,10,1.82,BMS,6
10,28,02,11,2.46,BMS,6
10,28,02,12,2.53,BMS,6
10,28,02,13,3.17,BMS,6
10,28,02,14,2.60,BMS,6
10,28,02,15,2.24,BMS,6
10,28,02,16,1.24,BMS,6
10,28,02,17,-0.54,BMS,6
10,28,02,18,-0.16,BMS,6
10,28,02,19,-0.46,BMS,6
10,28,02,20,-1.82,BMS,6
10,28,02,21,-2.36,BMS,6
10,28,02,22,-2.59,BMS,6
10,28,02,23,-2.44,BMS,6
10,29,02,00,-3.53,BMS,6
10,29,02,01,-4.25,BMS,6
10,29,02,02,-5.23,BMS,6
10,29,02,03,-4.41,BMS,6
10,29,02,04,-5.73,BMS,6
10,29,02,05,-6.57,BMS,6
10,29,02,06,-6.99,BMS,6
10,29,02,07,-6.31,BMS,6
10,29,02,08,-4.82,BMS,6
10,29,02,09,-2.28,BMS,6
10,29,02,10,-1.44,BMS,6
10,29,02,11,-1.44,BMS,6
10,29,02,12,-1.60,BMS,6
10,29,02,13,-0.17,BMS,6
10,29,02,14,-0.84,BMS,6
10,29,02,15,-1.44,BMS,6
10,29,02,16,-2.05,BMS,6
10,29,02,17,-3.55,BMS,6
10,29,02,18,-5.48,BMS,6
10,29,02,19,-4.41,BMS,6
10,29,02,20,-5.32,BMS,6
10,29,02,21,-5.64,BMS,6
10,29,02,22,-4.98,BMS,6
10,29,02,23,-5.81,BMS,6
10,30,02,00,-5.07,BMS,6
10,30,02,01,-5.56,BMS,6
10,30,02,02,-4.82,BMS,6
10,30,02,03,-4.98,BMS,6
10,30,02,04,-4.58,BMS,6
10,30,02,05,-4.58,BMS,6
10,30,02,06,-3.69,BMS,6
10,30,02,07,-2.98,BMS,6
10,30,02,08,-1.98,BMS,6
10,30,02,09,-0.76,BMS,6
10,30,02,10,0.44,BMS,6
10,30,02,11,0.87,BMS,6
10,30,02,12,0.95,BMS,6
10,30,02,13,1.24,BMS,6
10,30,02,14,1.31,BMS,6
10,30,02,15,0.88,BMS,6
10,30,02,16,0.44,BMS,6
10,30,02,17,0.29,BMS,6
10,30,02,18,0.44,BMS,6
10,30,02,19,0.73,BMS,6
10,30,02,20,0.66,BMS,6
10,30,02,21,0.66,BMS,6
10,30,02,22,-0.31,BMS,6
10,30,02,23,-0.76,BMS,6
10,31,02,00,-1.36,BMS,6
10,31,02,01,-2.13,BMS,6
10,31,02,02,-2.44,BMS,6
10,31,02,03,-2.75,BMS,6
10,31,02,04,-2.21,BMS,6
10,31,02,05,-1.74,BMS,6
10,31,02,06,-1.06,BMS,6
10,31,02,07,-0.46,BMS,6
10,31,02,08,0.14,BMS,6
10,31,02,09,0.80,BMS,6
10,31,02,10,1.60,BMS,6
10,31,02,11,1.96,BMS,6
10,31,02,12,2.46,BMS,6
10,31,02,13,3.03,BMS,6
10,31,02,14,2.67,BMS,6
10,31,02,15,2.46,BMS,6
10,31,02,16,2.60,BMS,6
10,31,02,17,1.67,BMS,6
10,31,02,18,0.95,BMS,6
10,31,02,19,1.74,BMS,6
10,31,02,20,1.60,BMS,6
10,31,02,21,1.60,BMS,6
10,31,02,22,1.60,BMS,6
10,31,02,23,1.38,BMS,6
11,01,02,00,0.88,BMS,6
11,01,02,01,1.02,BMS,6
11,01,02,02,0.80,BMS,6
11,01,02,03,0.58,BMS,6
11,01,02,04,-0.01,BMS,6
11,01,02,05,-0.01,BMS,6
11,01,02,06,0.07,BMS,6
11,01,02,07,0.29,BMS,6
11,01,02,08,0.73,BMS,6
11,01,02,09,2.39,BMS,6
11,01,02,10,2.25,BMS,6
11,01,02,11,2.75,BMS,6
11,01,02,12,3.24,BMS,6
11,01,02,13,2.89,BMS,6
11,01,02,14,2.32,BMS,6
11,01,02,15,2.10,BMS,6
11,01,02,16,1.60,BMS,6
11,01,02,17,0.95,BMS,6
11,01,02,18,0.51,BMS,6
11,01,02,19,0.44,BMS,6
11,01,02,20,1.17,BMS,6
11,01,02,21,1.53,BMS,6
11,01,02,22,1.60,BMS,6
11,01,02,23,1.31,BMS,6
11,02,02,00,1.17,BMS,6
11,02,02,01,1.02,BMS,6
11,02,02,02,0.73,BMS,6
11,02,02,03,0.51,BMS,6
11,02,02,04,0.07,BMS,6
11,02,02,05,-0.16,BMS,6
11,02,02,06,-0.39,BMS,6
11,02,02,07,-0.84,BMS,6
11,02,02,08,-0.46,BMS,6
11,02,02,09,-0.46,BMS,6
11,02,02,10,-0.54,BMS,6
11,02,02,11,-0.01,BMS,6
11,02,02,12,0.43,BMS,6
11,02,02,13,0.72,BMS,6
11,02,02,14,0.58,BMS,6
11,02,02,15,0.07,BMS,6
11,02,02,16,-1.59,BMS,6
11,02,02,17,-4.34,BMS,6
11,02,02,18,-5.64,BMS,6
11,02,02,19,-6.06,BMS,6
11,02,02,20,-7.59,BMS,6
11,02,02,21,-8.65,BMS,6
11,02,02,22,-9.64,BMS,6
11,02,02,23,-10.01,BMS,6
11,03,02,00,-10.38,BMS,6
11,03,02,01,-10.75,BMS,6
11,03,02,02,-12.20,BMS,6
11,03,02,03,-11.80,BMS,6
11,03,02,04,-11.90,BMS,6
11,03,02,05,-12.29,BMS,6
11,03,02,06,-12.79,BMS,6
11,03,02,07,-10.78,BMS,6
11,03,02,08,-7.86,BMS,6
11,03,02,09,-5.90,BMS,6
11,03,02,10,-4.82,BMS,6
11,03,02,11,-3.61,BMS,6
11,03,02,12,-2.83,BMS,6
11,03,02,13,-1.74,BMS,6
11,03,02,14,-1.59,BMS,6
11,03,02,15,-2.21,BMS,6
11,03,02,16,-4.02,BMS,6
11,03,02,17,-7.51,BMS,6
11,03,02,18,-6.74,BMS,6
11,03,02,19,-6.23,BMS,6
11,03,02,20,-6.06,BMS,6
11,03,02,21,-5.24,BMS,6
11,03,02,22,-2.92,BMS,6
11,03,02,23,-3.23,BMS,6
11,04,02,00,-2.75,BMS,6
11,04,02,01,-2.05,BMS,6
11,04,02,02,-2.83,BMS,6
11,04,02,03,-2.75,BMS,6
11,04,02,04,-2.59,BMS,6
11,04,02,05,-2.90,BMS,6
11,04,02,06,-3.93,BMS,6
11,04,02,07,-3.69,BMS,6
11,04,02,08,-1.90,BMS,6
11,04,02,09,0.66,BMS,6
11,04,02,10,0.43,BMS,6
11,04,02,11,2.03,BMS,6
11,04,02,12,3.45,BMS,6
11,04,02,13,1.88,BMS,6
11,04,02,14,1.45,BMS,6
11,04,02,15,0.44,BMS,6
11,04,02,16,-0.91,BMS,6
11,04,02,17,-3.63,BMS,6
11,04,02,18,-5.23,BMS,6
11,04,02,19,-5.15,BMS,6
11,04,02,20,-5.56,BMS,6
11,04,02,21,-5.98,BMS,6
11,04,02,22,-6.48,BMS,6
11,04,02,23,-6.82,BMS,6
11,05,02,00,-6.91,BMS,6
11,05,02,01,-6.82,BMS,6
11,05,02,02,-6.40,BMS,6
11,05,02,03,-6.74,BMS,6
11,05,02,04,-6.99,BMS,6
11,05,02,05,-6.99,BMS,6
11,05,02,06,-6.48,BMS,6
11,05,02,07,-4.66,BMS,6
11,05,02,08,-1.90,BMS,6
11,05,02,09,1.09,BMS,6
11,05,02,10,2.03,BMS,6
11,05,02,11,2.89,BMS,6
11,05,02,12,2.67,BMS,6
11,05,02,13,3.95,BMS,6
11,05,02,14,3.31,BMS,6
11,05,02,15,4.08,BMS,6
11,05,02,16,2.39,BMS,6
11,05,02,17,-1.15,BMS,6
11,05,02,18,-2.28,BMS,6
11,05,02,19,-2.28,BMS,6
11,05,02,20,-0.76,BMS,6
11,05,02,21,-0.54,BMS,6
11,05,02,22,-0.61,BMS,6
11,05,02,23,-0.54,BMS,6
11,06,02,00,-1.06,BMS,6
11,06,02,01,-1.45,BMS,6
11,06,02,02,-0.69,BMS,6
11,06,02,03,-0.54,BMS,6
11,06,02,04,-0.76,BMS,6
11,06,02,05,-0.46,BMS,6
11,06,02,06,-0.84,BMS,6
11,06,02,07,0.49,BMS,6
11,06,02,08,3.59,BMS,6
11,06,02,09,5.33,BMS,6
11,06,02,10,7.09,BMS,6
11,06,02,11,8.83,BMS,6
11,06,02,12,8.63,BMS,6
11,06,02,13,8.56,BMS,6
11,06,02,14,7.83,BMS,6
11,06,02,15,6.83,BMS,6
11,06,02,16,5.40,BMS,6
11,06,02,17,2.53,BMS,6
11,06,02,18,2.17,BMS,6
11,06,02,19,1.74,BMS,6
11,06,02,20,1.38,BMS,6
11,06,02,21,2.03,BMS,6
11,06,02,22,2.25,BMS,6
11,06,02,23,1.96,BMS,6
11,07,02,00,1.67,BMS,6
11,07,02,01,1.31,BMS,6
11,07,02,02,2.03,BMS,6
11,07,02,03,2.32,BMS,6
11,07,02,04,2.39,BMS,6
11,07,02,05,2.81,BMS,6
11,07,02,06,3.31,BMS,6
11,07,02,07,5.05,BMS,6
11,07,02,08,7.36,BMS,6
11,07,02,09,8.96,BMS,6
11,07,02,10,9.23,BMS,6
11,07,02,11,8.03,BMS,6
11,07,02,12,7.09,BMS,6
11,07,02,13,6.62,BMS,6
11,07,02,14,6.29,BMS,6
11,07,02,15,5.47,BMS,6
11,07,02,16,4.43,BMS,6
11,07,02,17,3.67,BMS,6
11,07,02,18,3.31,BMS,6
11,07,02,19,1.96,BMS,6
11,07,02,20,1.60,BMS,6
11,07,02,21,2.32,BMS,6
11,07,02,22,2.03,BMS,6
11,07,02,23,2.03,BMS,6
11,08,02,00,2.03,BMS,6
11,08,02,01,1.39,BMS,6
11,08,02,02,1.31,BMS,6
11,08,02,03,-0.01,BMS,6
11,08,02,04,0.36,BMS,6
11,08,02,05,1.38,BMS,6
11,08,02,06,1.60,BMS,6
11,08,02,07,0.27,BMS,6
11,08,02,08,-1.14,BMS,6
11,08,02,09,0.36,BMS,6
11,08,02,10,1.02,BMS,6
11,08,02,11,1.46,BMS,6
11,08,02,12,2.03,BMS,6
11,08,02,13,2.03,BMS,6
11,08,02,14,1.60,BMS,6
11,08,02,15,1.60,BMS,6
11,08,02,16,0.80,BMS,6
11,08,02,17,-0.16,BMS,6
11,08,02,18,0.44,BMS,6
11,08,02,19,0.73,BMS,6
11,08,02,20,1.17,BMS,6
11,08,02,21,1.17,BMS,6
11,08,02,22,1.17,BMS,6
11,08,02,23,1.60,BMS,6
11,09,02,00,1.60,BMS,6
11,09,02,01,1.53,BMS,6
11,09,02,02,1.17,BMS,6
11,09,02,03,1.10,BMS,6
11,09,02,04,0.66,BMS,6
11,09,02,05,0.73,BMS,6
11,09,02,06,1.31,BMS,6
11,09,02,07,1.74,BMS,6
11,09,02,08,2.03,BMS,6
11,09,02,09,2.17,BMS,6
11,09,02,10,2.46,BMS,6
11,09,02,11,0.43,BMS,6
11,09,02,12,0.06,BMS,6
11,09,02,13,-0.16,BMS,6
11,09,02,14,-0.61,BMS,6
11,09,02,15,-1.51,BMS,6
11,09,02,16,-2.28,BMS,6
11,09,02,17,-2.44,BMS,6
11,09,02,18,-2.75,BMS,6
11,09,02,19,-4.25,BMS,6
11,09,02,20,-4.42,BMS,6
11,09,02,21,-6.23,BMS,6
11,09,02,22,-7.16,BMS,6
11,09,02,23,-7.59,BMS,6
11,10,02,00,-7.85,BMS,6
11,10,02,01,-8.29,BMS,6
11,10,02,02,-8.38,BMS,6
11,10,02,03,-8.38,BMS,6
11,10,02,04,-7.68,BMS,6
11,10,02,05,-6.40,BMS,6
11,10,02,06,-6.06,BMS,6
11,10,02,07,-5.73,BMS,6
11,10,02,08,-5.48,BMS,6
11,10,02,09,-4.25,BMS,6
11,10,02,10,-3.37,BMS,6
11,10,02,11,-3.06,BMS,6
11,10,02,12,-2.52,BMS,6
11,10,02,13,-2.36,BMS,6
11,10,02,14,-2.51,BMS,6
11,10,02,15,-2.83,BMS,6
11,10,02,16,-3.07,BMS,6
11,10,02,17,-5.15,BMS,6
11,10,02,18,-5.64,BMS,6
11,10,02,19,-5.64,BMS,6
11,10,02,20,-5.23,BMS,6
11,10,02,21,-4.41,BMS,6
11,10,02,22,-4.25,BMS,6
11,10,02,23,-4.49,BMS,6
11,11,02,00,-5.23,BMS,6
11,11,02,01,-5.15,BMS,6
11,11,02,02,-5.23,BMS,6
11,11,02,03,-5.31,BMS,6
11,11,02,04,-5.39,BMS,6
11,11,02,05,-5.64,BMS,6
11,11,02,06,-6.32,BMS,6
11,11,02,07,-6.74,BMS,6
11,11,02,08,-4.91,BMS,6
11,11,02,09,-2.98,BMS,6
11,11,02,10,-2.13,BMS,6
11,11,02,11,-1.37,BMS,6
11,11,02,12,-0.91,BMS,6
11,11,02,13,-1.45,BMS,6
11,11,02,14,-2.13,BMS,6
11,11,02,15,-3.29,BMS,6
11,11,02,16,-3.93,BMS,6
11,11,02,17,-4.74,BMS,6
11,11,02,18,-5.07,BMS,6
11,11,02,19,-5.31,BMS,6
11,11,02,20,-6.14,BMS,6
11,11,02,21,-6.65,BMS,6
11,11,02,22,-6.82,BMS,6
11,11,02,23,-7.16,BMS,6
11,12,02,00,-6.91,BMS,6
11,12,02,01,-6.91,BMS,6
11,12,02,02,-7.33,BMS,6
11,12,02,03,-7.94,BMS,6
11,12,02,04,-7.85,BMS,6
11,12,02,05,-8.29,BMS,6
11,12,02,06,-7.76,BMS,6
11,12,02,07,-7.34,BMS,6
11,12,02,08,-3.94,BMS,6
11,12,02,09,-1.14,BMS,6
11,12,02,10,0.80,BMS,6
11,12,02,11,1.09,BMS,6
11,12,02,12,2.25,BMS,6
11,12,02,13,1.82,BMS,6
11,12,02,14,1.09,BMS,6
11,12,02,15,-0.16,BMS,6
11,12,02,16,-1.29,BMS,6
11,12,02,17,-2.44,BMS,6
11,12,02,18,-2.75,BMS,6
11,12,02,19,-2.90,BMS,6
11,12,02,20,-2.75,BMS,6
11,12,02,21,-2.44,BMS,6
11,12,02,22,-1.97,BMS,6
11,12,02,23,-1.97,BMS,6
11,13,02,00,-2.75,BMS,6
11,13,02,01,-2.13,BMS,6
11,13,02,02,-1.98,BMS,6
11,13,02,03,-1.44,BMS,6
11,13,02,04,-1.21,BMS,6
11,13,02,05,-1.21,BMS,6
11,13,02,06,-0.76,BMS,6
11,13,02,07,-0.09,BMS,6
11,13,02,08,1.09,BMS,6
11,13,02,09,0.21,BMS,6
11,13,02,10,0.95,BMS,6
11,13,02,11,2.89,BMS,6
11,13,02,12,2.25,BMS,6
11,13,02,13,1.67,BMS,6
11,13,02,14,2.17,BMS,6
11,13,02,15,1.67,BMS,6
11,13,02,16,0.88,BMS,6
11,13,02,17,-1.22,BMS,6
11,13,02,18,-2.44,BMS,6
11,13,02,19,-1.36,BMS,6
11,13,02,20,-3.14,BMS,6
11,13,02,21,-3.45,BMS,6
11,13,02,22,-4.01,BMS,6
11,13,02,23,-3.45,BMS,6
11,14,02,00,-4.01,BMS,6
11,14,02,01,-4.25,BMS,6
11,14,02,02,-4.66,BMS,6
11,14,02,03,-4.33,BMS,6
11,14,02,04,-4.01,BMS,6
11,14,02,05,-3.85,BMS,6
11,14,02,06,-4.90,BMS,6
11,14,02,07,-4.58,BMS,6
11,14,02,08,-2.83,BMS,6
11,14,02,09,-2.05,BMS,6
11,14,02,10,-0.46,BMS,6
11,14,02,11,0.14,BMS,6
11,14,02,12,0.73,BMS,6
11,14,02,13,0.13,BMS,6
11,14,02,14,0.14,BMS,6
11,14,02,15,0.07,BMS,6
11,14,02,16,-1.30,BMS,6
11,14,02,17,-4.66,BMS,6
11,14,02,18,-4.34,BMS,6
11,14,02,19,-3.37,BMS,6
11,14,02,20,-3.61,BMS,6
11,14,02,21,-4.09,BMS,6
11,14,02,22,-4.90,BMS,6
11,14,02,23,-5.31,BMS,6
11,15,02,00,-5.98,BMS,6
11,15,02,01,-6.57,BMS,6
11,15,02,02,-6.82,BMS,6
11,15,02,03,-6.82,BMS,6
11,15,02,04,-6.40,BMS,6
11,15,02,05,-7.51,BMS,6
11,15,02,06,-8.38,BMS,6
11,15,02,07,-7.95,BMS,6
11,15,02,08,-5.48,BMS,6
11,15,02,09,-4.17,BMS,6
11,15,02,10,-3.22,BMS,6
11,15,02,11,-2.83,BMS,6
11,15,02,12,-2.44,BMS,6
11,15,02,13,-2.36,BMS,6
11,15,02,14,-2.13,BMS,6
11,15,02,15,-2.75,BMS,6
11,15,02,16,-4.25,BMS,6
11,15,02,17,-6.06,BMS,6
11,15,02,18,-5.81,BMS,6
11,15,02,19,-6.31,BMS,6
11,15,02,20,-6.15,BMS,6
11,15,02,21,-5.73,BMS,6
11,15,02,22,-7.42,BMS,6
11,15,02,23,-7.50,BMS,6
11,16,02,00,-6.91,BMS,6
11,16,02,01,-6.57,BMS,6
11,16,02,02,-5.64,BMS,6
11,16,02,03,-5.56,BMS,6
11,16,02,04,-4.42,BMS,6
11,16,02,05,-4.50,BMS,6
11,16,02,06,-4.66,BMS,6
11,16,02,07,-4.18,BMS,6
11,16,02,08,-0.54,BMS,6
11,16,02,09,1.24,BMS,6
11,16,02,10,3.67,BMS,6
11,16,02,11,4.29,BMS,6
11,16,02,12,4.43,BMS,6
11,16,02,13,3.95,BMS,6
11,16,02,14,3.24,BMS,6
11,16,02,15,1.89,BMS,6
11,16,02,16,-0.02,BMS,6
11,16,02,17,-1.74,BMS,6
11,16,02,18,-1.59,BMS,6
11,16,02,19,-1.74,BMS,6
11,16,02,20,-1.66,BMS,6
11,16,02,21,-1.21,BMS,6
11,16,02,22,-1.59,BMS,6
11,16,02,23,-1.06,BMS,6
11,17,02,00,-0.16,BMS,6
11,17,02,01,-0.69,BMS,6
11,17,02,02,-0.61,BMS,6
11,17,02,03,-0.46,BMS,6
11,17,02,04,-0.39,BMS,6
11,17,02,05,-0.61,BMS,6
11,17,02,06,-0.54,BMS,6
11,17,02,07,-0.31,BMS,6
11,17,02,08,1.74,BMS,6
11,17,02,09,3.52,BMS,6
11,17,02,10,4.99,BMS,6
11,17,02,11,4.43,BMS,6
11,17,02,12,4.43,BMS,6
11,17,02,13,3.94,BMS,6
11,17,02,14,3.17,BMS,6
11,17,02,15,1.60,BMS,6
11,17,02,16,0.73,BMS,6
11,17,02,17,-1.68,BMS,6
11,17,02,18,-3.69,BMS,6
11,17,02,19,-3.45,BMS,6
11,17,02,20,-3.37,BMS,6
11,17,02,21,-4.01,BMS,6
11,17,02,22,-5.56,BMS,6
11,17,02,23,-5.89,BMS,6
11,18,02,00,-6.65,BMS,6
11,18,02,01,-5.40,BMS,6
11,18,02,02,-5.89,BMS,6
11,18,02,03,-6.31,BMS,6
11,18,02,04,-6.40,BMS,6
11,18,02,05,-6.14,BMS,6
11,18,02,06,-6.31,BMS,6
11,18,02,07,-5.73,BMS,6
11,18,02,08,-2.91,BMS,6
11,18,02,09,-0.84,BMS,6
11,18,02,10,0.73,BMS,6
11,18,02,11,2.03,BMS,6
11,18,02,12,2.82,BMS,6
11,18,02,13,2.96,BMS,6
11,18,02,14,2.46,BMS,6
11,18,02,15,1.89,BMS,6
11,18,02,16,0.06,BMS,6
11,18,02,17,-2.59,BMS,6
11,18,02,18,-2.21,BMS,6
11,18,02,19,-1.97,BMS,6
11,18,02,20,-2.21,BMS,6
11,18,02,21,-2.52,BMS,6
11,18,02,22,-1.98,BMS,6
11,18,02,23,-1.44,BMS,6
11,19,02,00,-1.74,BMS,6
11,19,02,01,-2.05,BMS,6
11,19,02,02,-2.82,BMS,6
11,19,02,03,-2.98,BMS,6
11,19,02,04,-2.44,BMS,6
11,19,02,05,-2.67,BMS,6
11,19,02,06,-2.67,BMS,6
11,19,02,07,-1.67,BMS,6
11,19,02,08,0.07,BMS,6
11,19,02,09,1.10,BMS,6
11,19,02,10,2.53,BMS,6
11,19,02,11,3.31,BMS,6
11,19,02,12,3.52,BMS,6
11,19,02,13,4.36,BMS,6
11,19,02,14,3.59,BMS,6
11,19,02,15,2.82,BMS,6
11,19,02,16,1.60,BMS,6
11,19,02,17,-0.61,BMS,6
11,19,02,18,-0.09,BMS,6
11,19,02,19,0.29,BMS,6
11,19,02,20,0.07,BMS,6
11,19,02,21,0.14,BMS,6
11,19,02,22,-0.16,BMS,6
11,19,02,23,0.14,BMS,6
11,20,02,00,-0.39,BMS,6
11,20,02,01,0.94,BMS,6
11,20,02,02,2.25,BMS,6
11,20,02,03,3.03,BMS,6
11,20,02,04,3.67,BMS,6
11,20,02,05,4.15,BMS,6
11,20,02,06,4.71,BMS,6
11,20,02,07,5.13,BMS,6
11,20,02,08,6.35,BMS,6
11,20,02,09,7.43,BMS,6
11,20,02,10,7.02,BMS,6
11,20,02,11,6.89,BMS,6
11,20,02,12,7.49,BMS,6
11,20,02,13,8.50,BMS,6
11,20,02,14,8.50,BMS,6
11,20,02,15,8.30,BMS,6
11,20,02,16,6.76,BMS,6
11,20,02,17,5.47,BMS,6
11,20,02,18,4.29,BMS,6
11,20,02,19,2.39,BMS,6
11,20,02,20,1.53,BMS,6
11,20,02,21,1.96,BMS,6
11,20,02,22,1.53,BMS,6
11,20,02,23,2.53,BMS,6
11,21,02,00,2.10,BMS,6
11,21,02,01,2.67,BMS,6
11,21,02,02,2.10,BMS,6
11,21,02,03,2.46,BMS,6
11,21,02,04,2.53,BMS,6
11,21,02,05,3.46,BMS,6
11,21,02,06,2.96,BMS,6
11,21,02,07,2.89,BMS,6
11,21,02,08,6.15,BMS,6
11,21,02,09,8.03,BMS,6
11,21,02,10,8.90,BMS,6
11,21,02,11,10.40,BMS,6
11,21,02,12,10.67,BMS,6
11,21,02,13,11.12,BMS,6
11,21,02,14,11.51,BMS,6
11,21,02,15,10.53,BMS,6
11,21,02,16,8.10,BMS,6
11,21,02,17,4.92,BMS,6
11,21,02,18,5.06,BMS,6
11,21,02,19,5.13,BMS,6
11,21,02,20,5.20,BMS,6
11,21,02,21,4.57,BMS,6
11,21,02,22,4.36,BMS,6
11,21,02,23,4.29,BMS,6
11,22,02,00,4.22,BMS,6
11,22,02,01,4.15,BMS,6
11,22,02,02,3.95,BMS,6
11,22,02,03,3.53,BMS,6
11,22,02,04,3.81,BMS,6
11,22,02,05,4.43,BMS,6
11,22,02,06,3.53,BMS,6
11,22,02,07,3.38,BMS,6
11,22,02,08,6.69,BMS,6
11,22,02,09,8.03,BMS,6
11,22,02,10,8.90,BMS,6
11,22,02,11,10.01,BMS,6
11,22,02,12,10.21,BMS,6
11,22,02,13,10.34,BMS,6
11,22,02,14,9.88,BMS,6
11,22,02,15,8.96,BMS,6
11,22,02,16,6.89,BMS,6
11,22,02,17,4.02,BMS,6
11,22,02,18,3.87,BMS,6
11,22,02,19,3.95,BMS,6
11,22,02,20,3.60,BMS,6
11,22,02,21,3.03,BMS,6
11,22,02,22,2.46,BMS,6
11,22,02,23,2.46,BMS,6
11,23,02,00,2.68,BMS,6
11,23,02,01,2.75,BMS,6
11,23,02,02,3.03,BMS,6
11,23,02,03,3.03,BMS,6
11,23,02,04,3.24,BMS,6
11,23,02,05,3.24,BMS,6
11,23,02,06,3.17,BMS,6
11,23,02,07,3.53,BMS,6
11,23,02,08,4.22,BMS,6
11,23,02,09,4.99,BMS,6
11,23,02,10,6.69,BMS,6
11,23,02,11,8.43,BMS,6
11,23,02,12,8.76,BMS,6
11,23,02,13,8.63,BMS,6
11,23,02,14,6.69,BMS,6
11,23,02,15,5.54,BMS,6
11,23,02,16,3.52,BMS,6
11,23,02,17,0.80,BMS,6
11,23,02,18,0.07,BMS,6
11,23,02,19,-0.61,BMS,6
11,23,02,20,-0.91,BMS,6
11,23,02,21,-0.91,BMS,6
11,23,02,22,-1.14,BMS,6
11,23,02,23,-1.29,BMS,6
11,24,02,00,-2.21,BMS,6
11,24,02,01,-2.21,BMS,6
11,24,02,02,-2.13,BMS,6
11,24,02,03,-1.82,BMS,6
11,24,02,04,-1.97,BMS,6
11,24,02,05,-2.13,BMS,6
11,24,02,06,-1.59,BMS,6
11,24,02,07,-2.75,BMS,6
11,24,02,08,-1.06,BMS,6
11,24,02,09,1.67,BMS,6
11,24,02,10,3.03,BMS,6
11,24,02,11,3.67,BMS,6
11,24,02,12,4.43,BMS,6
11,24,02,13,4.22,BMS,6
11,24,02,14,2.60,BMS,6
11,24,02,15,1.96,BMS,6
11,24,02,16,0.66,BMS,6
11,24,02,17,-0.16,BMS,6
11,24,02,18,-0.01,BMS,6
11,24,02,19,-0.01,BMS,6
11,24,02,20,-0.39,BMS,6
11,24,02,21,-0.91,BMS,6
11,24,02,22,-0.31,BMS,6
11,24,02,23,-0.61,BMS,6
11,25,02,00,-0.84,BMS,6
11,25,02,01,-1.90,BMS,6
11,25,02,02,-4.34,BMS,6
11,25,02,03,-5.98,BMS,6
11,25,02,04,-6.74,BMS,6
11,25,02,05,-6.74,BMS,6
11,25,02,06,-5.32,BMS,6
11,25,02,07,-5.73,BMS,6
11,25,02,08,-5.81,BMS,6
11,25,02,09,-4.25,BMS,6
11,25,02,10,-3.06,BMS,6
11,25,02,11,-3.37,BMS,6
11,25,02,12,-2.44,BMS,6
11,25,02,13,-1.97,BMS,6
11,25,02,14,-1.90,BMS,6
11,25,02,15,-3.30,BMS,6
11,25,02,16,-3.62,BMS,6
11,25,02,17,-5.40,BMS,6
11,25,02,18,-6.06,BMS,6
11,25,02,19,-3.94,BMS,6
11,25,02,20,-5.65,BMS,6
11,25,02,21,-6.91,BMS,6
11,25,02,22,-7.59,BMS,6
11,25,02,23,-7.42,BMS,6
11,26,02,00,-6.65,BMS,6
11,26,02,01,-6.65,BMS,6
11,26,02,02,-7.25,BMS,6
11,26,02,03,-7.94,BMS,6
11,26,02,04,-7.85,BMS,6
11,26,02,05,-8.03,BMS,6
11,26,02,06,-8.38,BMS,6
11,26,02,07,-7.85,BMS,6
11,26,02,08,-4.91,BMS,6
11,26,02,09,-4.19,BMS,6
11,26,02,10,-3.22,BMS,6
11,26,02,11,-0.92,BMS,6
11,26,02,12,0.58,BMS,6
11,26,02,13,0.95,BMS,6
11,26,02,14,-0.24,BMS,6
11,26,02,15,-0.91,BMS,6
11,26,02,16,-2.83,BMS,6
11,26,02,17,-4.33,BMS,6
11,26,02,18,-4.33,BMS,6
11,26,02,19,-5.07,BMS,6
11,26,02,20,-5.23,BMS,6
11,26,02,21,-5.23,BMS,6
11,26,02,22,-4.99,BMS,6
11,26,02,23,-5.48,BMS,6
11,27,02,00,-5.56,BMS,6
11,27,02,01,-6.31,BMS,6
11,27,02,02,-5.48,BMS,6
11,27,02,03,-5.56,BMS,6
11,27,02,04,-5.64,BMS,6
11,27,02,05,-5.40,BMS,6
11,27,02,06,-5.48,BMS,6
11,27,02,07,-5.56,BMS,6
11,27,02,08,-2.83,BMS,6
11,27,02,09,-0.16,BMS,6
11,27,02,10,1.38,BMS,6
11,27,02,11,2.60,BMS,6
11,27,02,12,2.60,BMS,6
11,27,02,13,2.67,BMS,6
11,27,02,14,1.60,BMS,6
11,27,02,15,0.88,BMS,6
11,27,02,16,-0.54,BMS,6
11,27,02,17,-3.45,BMS,6
11,27,02,18,-3.85,BMS,6
11,27,02,19,-3.37,BMS,6
11,27,02,20,-3.85,BMS,6
11,27,02,21,-3.93,BMS,6
11,27,02,22,-3.77,BMS,6
11,27,02,23,-3.21,BMS,6
11,28,02,00,-3.22,BMS,6
11,28,02,01,-2.75,BMS,6
11,28,02,02,-3.06,BMS,6
11,28,02,03,-2.67,BMS,6
11,28,02,04,-3.29,BMS,6
11,28,02,05,-2.67,BMS,6
11,28,02,06,-2.75,BMS,6
11,28,02,07,-2.36,BMS,6
11,28,02,08,-0.02,BMS,6
11,28,02,09,1.89,BMS,6
11,28,02,10,3.24,BMS,6
11,28,02,11,5.40,BMS,6
11,28,02,12,5.13,BMS,6
11,28,02,13,5.54,BMS,6
11,28,02,14,4.71,BMS,6
11,28,02,15,3.87,BMS,6
11,28,02,16,2.60,BMS,6
11,28,02,17,-0.69,BMS,6
11,28,02,18,-0.84,BMS,6
11,28,02,19,-1.44,BMS,6
11,28,02,20,-1.51,BMS,6
11,28,02,21,-1.29,BMS,6
11,28,02,22,-1.14,BMS,6
11,28,02,23,-1.36,BMS,6
11,29,02,00,-1.44,BMS,6
11,29,02,01,-1.59,BMS,6
11,29,02,02,-1.29,BMS,6
11,29,02,03,-1.36,BMS,6
11,29,02,04,-0.54,BMS,6
11,29,02,05,-0.01,BMS,6
11,29,02,06,-1.37,BMS,6
11,29,02,07,-1.66,BMS,6
11,29,02,08,2.31,BMS,6
11,29,02,09,5.19,BMS,6
11,29,02,10,6.28,BMS,6
11,29,02,11,5.67,BMS,6
11,29,02,12,6.96,BMS,6
11,29,02,13,6.76,BMS,6
11,29,02,14,7.36,BMS,6
11,29,02,15,6.01,BMS,6
11,29,02,16,3.65,BMS,6
11,29,02,17,0.88,BMS,6
11,29,02,18,0.14,BMS,6
11,29,02,19,0.07,BMS,6
11,29,02,20,0.06,BMS,6
11,29,02,21,0.51,BMS,6
11,29,02,22,0.43,BMS,6
11,29,02,23,-0.69,BMS,6
11,30,02,00,0.43,BMS,6
11,30,02,01,-0.16,BMS,6
11,30,02,02,-0.91,BMS,6
11,30,02,03,-0.46,BMS,6
11,30,02,04,-1.14,BMS,6
11,30,02,05,-0.76,BMS,6
11,30,02,06,0.06,BMS,6
11,30,02,07,0.58,BMS,6
11,30,02,08,3.09,BMS,6
11,30,02,09,6.28,BMS,6
11,30,02,10,5.46,BMS,6
11,30,02,11,4.57,BMS,6
11,30,02,12,1.89,BMS,6
11,30,02,13,2.46,BMS,6
11,30,02,14,3.59,BMS,6
11,30,02,15,1.89,BMS,6
11,30,02,16,2.53,BMS,6
11,30,02,17,-0.01,BMS,6
11,30,02,18,-1.14,BMS,6
11,30,02,19,-0.76,BMS,6
11,30,02,20,0.14,BMS,6
11,30,02,21,-0.16,BMS,6
11,30,02,22,-0.54,BMS,6
11,30,02,23,-0.24,BMS,6
12,01,02,00,-0.61,BMS,6
12,01,02,01,-0.84,BMS,6
12,01,02,02,-0.69,BMS,6
12,01,02,03,-1.06,BMS,6
12,01,02,04,-1.51,BMS,6
12,01,02,05,-2.05,BMS,6
12,01,02,06,-2.75,BMS,6
12,01,02,07,-2.82,BMS,6
12,01,02,08,-2.44,BMS,6
12,01,02,09,-1.59,BMS,6
12,01,02,10,0.71,BMS,6
12,01,02,11,1.16,BMS,6
12,01,02,12,1.52,BMS,6
12,01,02,13,1.31,BMS,6
12,01,02,14,2.60,BMS,6
12,01,02,15,2.03,BMS,6
12,01,02,16,-0.40,BMS,6
12,01,02,17,-3.70,BMS,6
12,01,02,18,-4.74,BMS,6
12,01,02,19,-4.90,BMS,6
12,01,02,20,-5.23,BMS,6
12,01,02,21,-5.48,BMS,6
12,01,02,22,-5.56,BMS,6
12,01,02,23,-5.48,BMS,6
12,02,02,00,-5.48,BMS,6
12,02,02,01,-5.89,BMS,6
12,02,02,02,-5.90,BMS,6
12,02,02,03,-6.31,BMS,6
12,02,02,04,-5.64,BMS,6
12,02,02,05,-6.49,BMS,6
12,02,02,06,-5.98,BMS,6
12,02,02,07,-6.06,BMS,6
12,02,02,08,-3.31,BMS,6
12,02,02,09,-0.61,BMS,6
12,02,02,10,1.89,BMS,6
12,02,02,11,2.39,BMS,6
12,02,02,12,2.60,BMS,6
12,02,02,13,2.96,BMS,6
12,02,02,14,2.17,BMS,6
12,02,02,15,1.74,BMS,6
12,02,02,16,-0.09,BMS,6
12,02,02,17,-2.67,BMS,6
12,02,02,18,-3.14,BMS,6
12,02,02,19,-3.61,BMS,6
12,02,02,20,-3.61,BMS,6
12,02,02,21,-3.29,BMS,6
12,02,02,22,-2.98,BMS,6
12,02,02,23,-2.52,BMS,6
12,03,02,00,-1.97,BMS,6
12,03,02,01,-2.59,BMS,6
12,03,02,02,-2.28,BMS,6
12,03,02,03,-2.13,BMS,6
12,03,02,04,-2.28,BMS,6
12,03,02,05,-2.36,BMS,6
12,03,02,06,-2.36,BMS,6
12,03,02,07,-2.59,BMS,6
12,03,02,08,-1.51,BMS,6
12,03,02,09,-0.39,BMS,6
12,03,02,10,0.80,BMS,6
12,03,02,11,3.24,BMS,6
12,03,02,12,1.89,BMS,6
12,03,02,13,0.87,BMS,6
12,03,02,14,1.74,BMS,6
12,03,02,15,0.66,BMS,6
12,03,02,16,-1.07,BMS,6
12,03,02,17,-3.22,BMS,6
12,03,02,18,-3.77,BMS,6
12,03,02,19,-3.85,BMS,6
12,03,02,20,-3.85,BMS,6
12,03,02,21,-3.85,BMS,6
12,03,02,22,-4.09,BMS,6
12,03,02,23,-4.82,BMS,6
12,04,02,00,-4.42,BMS,6
12,04,02,01,-3.86,BMS,6
12,04,02,02,-4.42,BMS,6
12,04,02,03,-3.54,BMS,6
12,04,02,04,-4.66,BMS,6
12,04,02,05,-3.22,BMS,6
12,04,02,06,-3.71,BMS,6
12,04,02,07,-4.82,BMS,6
12,04,02,08,-1.52,BMS,6
12,04,02,09,1.09,BMS,6
12,04,02,10,1.74,BMS,6
12,04,02,11,2.03,BMS,6
12,04,02,12,2.17,BMS,6
12,04,02,13,3.74,BMS,6
12,04,02,14,3.67,BMS,6
12,04,02,15,2.25,BMS,6
12,04,02,16,0.35,BMS,6
12,04,02,17,-3.14,BMS,6
12,04,02,18,-3.61,BMS,6
12,04,02,19,-4.09,BMS,6
12,04,02,20,-4.17,BMS,6
12,04,02,21,-4.33,BMS,6
12,04,02,22,-4.25,BMS,6
12,04,02,23,-4.58,BMS,6
12,05,02,00,-4.49,BMS,6
12,05,02,01,-4.33,BMS,6
12,05,02,02,-4.09,BMS,6
12,05,02,03,-4.66,BMS,6
12,05,02,04,-5.15,BMS,6
12,05,02,05,-5.23,BMS,6
12,05,02,06,-5.31,BMS,6
12,05,02,07,-5.15,BMS,6
12,05,02,08,-3.46,BMS,6
12,05,02,09,-0.76,BMS,6
12,05,02,10,0.51,BMS,6
12,05,02,11,1.74,BMS,6
12,05,02,12,1.96,BMS,6
12,05,02,13,1.89,BMS,6
12,05,02,14,1.46,BMS,6
12,05,02,15,0.80,BMS,6
12,05,02,16,-1.14,BMS,6
12,05,02,17,-4.17,BMS,6
12,05,02,18,-4.41,BMS,6
12,05,02,19,-4.49,BMS,6
12,05,02,20,-4.41,BMS,6
12,05,02,21,-4.74,BMS,6
12,05,02,22,-4.82,BMS,6
12,05,02,23,-4.74,BMS,6
12,06,02,00,-4.66,BMS,6
12,06,02,01,-4.98,BMS,6
12,06,02,02,-4.83,BMS,6
12,06,02,03,-5.73,BMS,6
12,06,02,04,-5.98,BMS,6
12,06,02,05,-5.73,BMS,6
12,06,02,06,-5.15,BMS,6
12,06,02,07,-4.58,BMS,6
12,06,02,08,-2.61,BMS,6
12,06,02,09,-0.69,BMS,6
12,06,02,10,0.51,BMS,6
12,06,02,11,2.17,BMS,6
12,06,02,12,2.24,BMS,6
12,06,02,13,1.17,BMS,6
12,06,02,14,1.02,BMS,6
12,06,02,15,-0.31,BMS,6
12,06,02,16,-2.05,BMS,6
12,06,02,17,-3.37,BMS,6
12,06,02,18,-4.33,BMS,6
12,06,02,19,-4.33,BMS,6
12,06,02,20,-4.82,BMS,6
12,06,02,21,-4.82,BMS,6
12,06,02,22,-4.66,BMS,6
12,06,02,23,-4.58,BMS,6
12,07,02,00,-5.23,BMS,6
12,07,02,01,-5.39,BMS,6
12,07,02,02,-5.15,BMS,6
12,07,02,03,-5.15,BMS,6
12,07,02,04,-4.90,BMS,6
12,07,02,05,-4.90,BMS,6
12,07,02,06,-5.15,BMS,6
12,07,02,07,-5.64,BMS,6
12,07,02,08,-3.62,BMS,6
12,07,02,09,-2.60,BMS,6
12,07,02,10,0.72,BMS,6
12,07,02,11,1.82,BMS,6
12,07,02,12,2.24,BMS,6
12,07,02,13,2.39,BMS,6
12,07,02,14,1.38,BMS,6
12,07,02,15,0.07,BMS,6
12,07,02,16,-2.69,BMS,6
12,07,02,17,-4.25,BMS,6
12,07,02,18,-3.37,BMS,6
12,07,02,19,-4.01,BMS,6
12,07,02,20,-4.25,BMS,6
12,07,02,21,-4.74,BMS,6
12,07,02,22,-4.17,BMS,6
12,07,02,23,-3.93,BMS,6
12,08,02,00,-4.01,BMS,6
12,08,02,01,-4.17,BMS,6
12,08,02,02,-3.85,BMS,6
12,08,02,03,-4.66,BMS,6
12,08,02,04,-5.31,BMS,6
12,08,02,05,-5.56,BMS,6
12,08,02,06,-5.64,BMS,6
12,08,02,07,-5.73,BMS,6
12,08,02,08,-1.84,BMS,6
12,08,02,09,0.73,BMS,6
12,08,02,10,2.03,BMS,6
12,08,02,11,3.45,BMS,6
12,08,02,12,3.10,BMS,6
12,08,02,13,2.89,BMS,6
12,08,02,14,1.17,BMS,6
12,08,02,15,0.87,BMS,6
12,08,02,16,-1.60,BMS,6
12,08,02,17,-3.45,BMS,6
12,08,02,18,-4.33,BMS,6
12,08,02,19,-3.85,BMS,6
12,08,02,20,-4.09,BMS,6
12,08,02,21,-4.90,BMS,6
12,08,02,22,-4.09,BMS,6
12,08,02,23,-3.69,BMS,6
12,09,02,00,-4.58,BMS,6
12,09,02,01,-3.21,BMS,6
12,09,02,02,-3.53,BMS,6
12,09,02,03,-4.25,BMS,6
12,09,02,04,-5.32,BMS,6
12,09,02,05,-6.40,BMS,6
12,09,02,06,-5.31,BMS,6
12,09,02,07,-5.15,BMS,6
12,09,02,08,-1.91,BMS,6
12,09,02,09,1.38,BMS,6
12,09,02,10,3.66,BMS,6
12,09,02,11,4.78,BMS,6
12,09,02,12,5.33,BMS,6
12,09,02,13,5.26,BMS,6
12,09,02,14,4.78,BMS,6
12,09,02,15,3.74,BMS,6
12,09,02,16,0.71,BMS,6
12,09,02,17,-2.21,BMS,6
12,09,02,18,-1.90,BMS,6
12,09,02,19,-2.52,BMS,6
12,09,02,20,-2.83,BMS,6
12,09,02,21,-2.75,BMS,6
12,09,02,22,-2.82,BMS,6
12,09,02,23,-3.29,BMS,6
12,10,02,00,-3.21,BMS,6
12,10,02,01,-3.06,BMS,6
12,10,02,02,-2.98,BMS,6
12,10,02,03,-2.75,BMS,6
12,10,02,04,-3.30,BMS,6
12,10,02,05,-4.01,BMS,6
12,10,02,06,-3.45,BMS,6
12,10,02,07,-3.45,BMS,6
12,10,02,08,-2.75,BMS,6
12,10,02,09,-0.46,BMS,6
12,10,02,10,1.53,BMS,6
12,10,02,11,0.66,BMS,6
12,10,02,12,1.67,BMS,6
12,10,02,13,1.30,BMS,6
12,10,02,14,1.38,BMS,6
12,10,02,15,-0.32,BMS,6
12,10,02,16,-2.44,BMS,6
12,10,02,17,-5.48,BMS,6
12,10,02,18,-5.40,BMS,6
12,10,02,19,-4.98,BMS,6
12,10,02,20,-5.56,BMS,6
12,10,02,21,-5.48,BMS,6
12,10,02,22,-5.73,BMS,6
12,10,02,23,-6.57,BMS,6
12,11,02,00,-6.14,BMS,6
12,11,02,01,-6.06,BMS,6
12,11,02,02,-6.31,BMS,6
12,11,02,03,-6.82,BMS,6
12,11,02,04,-5.98,BMS,6
12,11,02,05,-5.39,BMS,6
12,11,02,06,-5.89,BMS,6
12,11,02,07,-6.31,BMS,6
12,11,02,08,-5.90,BMS,6
12,11,02,09,-3.93,BMS,6
12,11,02,10,-2.82,BMS,6
12,11,02,11,-1.97,BMS,6
12,11,02,12,-1.36,BMS,6
12,11,02,13,-1.14,BMS,6
12,11,02,14,-0.39,BMS,6
12,11,02,15,-1.82,BMS,6
12,11,02,16,-3.87,BMS,6
12,11,02,17,-6.74,BMS,6
12,11,02,18,-7.16,BMS,6
12,11,02,19,-7.33,BMS,6
12,11,02,20,-7.16,BMS,6
12,11,02,21,-7.16,BMS,6
12,11,02,22,-7.33,BMS,6
12,11,02,23,-7.16,BMS,6
12,12,02,00,-6.57,BMS,6
12,12,02,01,-6.06,BMS,6
12,12,02,02,-5.81,BMS,6
12,12,02,03,-5.56,BMS,6
12,12,02,04,-5.39,BMS,6
12,12,02,05,-5.48,BMS,6
12,12,02,06,-5.31,BMS,6
12,12,02,07,-5.31,BMS,6
12,12,02,08,-4.90,BMS,6
12,12,02,09,-4.17,BMS,6
12,12,02,10,-3.21,BMS,6
12,12,02,11,-2.21,BMS,6
12,12,02,12,-0.69,BMS,6
12,12,02,13,-0.09,BMS,6
12,12,02,14,0.21,BMS,6
12,12,02,15,-1.14,BMS,6
12,12,02,16,-3.30,BMS,6
12,12,02,17,-5.65,BMS,6
12,12,02,18,-5.81,BMS,6
12,12,02,19,-5.31,BMS,6
12,12,02,20,-4.82,BMS,6
12,12,02,21,-4.90,BMS,6
12,12,02,22,-4.58,BMS,6
12,12,02,23,-4.90,BMS,6
12,13,02,00,-5.31,BMS,6
12,13,02,01,-5.07,BMS,6
12,13,02,02,-4.41,BMS,6
12,13,02,03,-4.09,BMS,6
12,13,02,04,-4.01,BMS,6
12,13,02,05,-4.25,BMS,6
12,13,02,06,-4.41,BMS,6
12,13,02,07,-3.69,BMS,6
12,13,02,08,-1.67,BMS,6
12,13,02,09,1.45,BMS,6
12,13,02,10,3.80,BMS,6
12,13,02,11,4.15,BMS,6
12,13,02,12,3.88,BMS,6
12,13,02,13,3.24,BMS,6
12,13,02,14,3.53,BMS,6
12,13,02,15,2.03,BMS,6
12,13,02,16,-1.06,BMS,6
12,13,02,17,-2.67,BMS,6
12,13,02,18,-2.90,BMS,6
12,13,02,19,-3.21,BMS,6
12,13,02,20,-3.37,BMS,6
12,13,02,21,-4.09,BMS,6
12,13,02,22,-4.17,BMS,6
12,13,02,23,-4.33,BMS,6
12,14,02,00,-4.49,BMS,6
12,14,02,01,-4.58,BMS,6
12,14,02,02,-3.61,BMS,6
12,14,02,03,-3.37,BMS,6
12,14,02,04,-4.17,BMS,6
12,14,02,05,-2.75,BMS,6
12,14,02,06,-2.90,BMS,6
12,14,02,07,-2.53,BMS,6
12,14,02,08,-2.30,BMS,6
12,14,02,09,0.95,BMS,6
12,14,02,10,3.03,BMS,6
12,14,02,11,4.64,BMS,6
12,14,02,12,4.99,BMS,6
12,14,02,13,5.95,BMS,6
12,14,02,14,5.26,BMS,6
12,14,02,15,3.87,BMS,6
12,14,02,16,1.45,BMS,6
12,14,02,17,0.29,BMS,6
12,14,02,18,0.36,BMS,6
12,14,02,19,0.14,BMS,6
12,14,02,20,-0.31,BMS,6
12,14,02,21,-0.16,BMS,6
12,14,02,22,-0.01,BMS,6
12,14,02,23,0.51,BMS,6
12,15,02,00,1.46,BMS,6
12,15,02,01,1.31,BMS,6
12,15,02,02,1.17,BMS,6
12,15,02,03,1.02,BMS,6
12,15,02,04,2.24,BMS,6
12,15,02,05,3.46,BMS,6
12,15,02,06,1.82,BMS,6
12,15,02,07,2.03,BMS,6
12,15,02,08,1.89,BMS,6
12,15,02,09,1.96,BMS,6
12,15,02,10,2.46,BMS,6
12,15,02,11,2.32,BMS,6
12,15,02,12,2.32,BMS,6
12,15,02,13,3.09,BMS,6
12,15,02,14,4.36,BMS,6
12,15,02,15,2.96,BMS,6
12,15,02,16,0.28,BMS,6
12,15,02,17,-2.44,BMS,6
12,15,02,18,-2.59,BMS,6
12,15,02,19,-2.75,BMS,6
12,15,02,20,-3.29,BMS,6
12,15,02,21,-3.77,BMS,6
12,15,02,22,-3.69,BMS,6
12,15,02,23,-3.53,BMS,6
12,16,02,00,-3.53,BMS,6
12,16,02,01,-3.37,BMS,6
12,16,02,02,-2.44,BMS,6
12,16,02,03,-1.21,BMS,6
12,16,02,04,-0.61,BMS,6
12,16,02,05,-0.84,BMS,6
12,16,02,06,-0.39,BMS,6
12,16,02,07,-0.16,BMS,6
12,16,02,08,-0.54,BMS,6
12,16,02,09,0.72,BMS,6
12,16,02,10,1.89,BMS,6
12,16,02,11,2.25,BMS,6
12,16,02,12,1.74,BMS,6
12,16,02,13,0.06,BMS,6
12,16,02,14,-0.39,BMS,6
12,16,02,15,-0.91,BMS,6
12,16,02,16,-1.21,BMS,6
12,16,02,17,-2.52,BMS,6
12,16,02,18,-3.77,BMS,6
12,16,02,19,-3.93,BMS,6
12,16,02,20,-2.90,BMS,6
12,16,02,21,-2.90,BMS,6
12,16,02,22,-3.29,BMS,6
12,16,02,23,-3.37,BMS,6
12,17,02,00,-3.45,BMS,6
12,17,02,01,-4.33,BMS,6
12,17,02,02,-4.33,BMS,6
12,17,02,03,-4.33,BMS,6
12,17,02,04,-4.41,BMS,6
12,17,02,05,-4.33,BMS,6
12,17,02,06,-4.74,BMS,6
12,17,02,07,-4.82,BMS,6
12,17,02,08,-4.82,BMS,6
12,17,02,09,-5.15,BMS,6
12,17,02,10,-4.82,BMS,6
12,17,02,11,-5.15,BMS,6
12,17,02,12,-4.66,BMS,6
12,17,02,13,-4.74,BMS,6
12,17,02,14,-5.31,BMS,6
12,17,02,15,-4.50,BMS,6
12,17,02,16,-5.31,BMS,6
12,17,02,17,-5.48,BMS,6
12,17,02,18,-5.98,BMS,6
12,17,02,19,-6.74,BMS,6
12,17,02,20,-6.82,BMS,6
12,17,02,21,-6.99,BMS,6
12,17,02,22,-7.68,BMS,6
12,17,02,23,-7.33,BMS,6
12,18,02,00,-7.42,BMS,6
12,18,02,01,-7.59,BMS,6
12,18,02,02,-8.74,BMS,6
12,18,02,03,-10.10,BMS,6
12,18,02,04,-9.74,BMS,6
12,18,02,05,-10.47,BMS,6
12,18,02,06,-11.04,BMS,6
12,18,02,07,-11.71,BMS,6
12,18,02,08,-11.05,BMS,6
12,18,02,09,-7.16,BMS,6
12,18,02,10,-6.07,BMS,6
12,18,02,11,-5.98,BMS,6
12,18,02,12,-6.15,BMS,6
12,18,02,13,-7.76,BMS,6
12,18,02,14,-7.33,BMS,6
12,18,02,15,-7.33,BMS,6
12,18,02,16,-7.68,BMS,6
12,18,02,17,-9.74,BMS,6
12,18,02,18,-9.55,BMS,6
12,18,02,19,-10.11,BMS,6
12,18,02,20,-10.94,BMS,6
12,18,02,21,-10.47,BMS,6
12,18,02,22,-10.94,BMS,6
12,18,02,23,-11.42,BMS,6
12,19,02,00,-12.29,BMS,6
12,19,02,01,-12.29,BMS,6
12,19,02,02,-13.19,BMS,6
12,19,02,03,-12.79,BMS,6
12,19,02,04,-14.42,BMS,6
12,19,02,05,-14.21,BMS,6
12,19,02,06,-14.21,BMS,6
12,19,02,07,-14.52,BMS,6
12,19,02,08,-13.73,BMS,6
12,19,02,09,-10.01,BMS,6
12,19,02,10,-7.33,BMS,6
12,19,02,11,-6.31,BMS,6
12,19,02,12,-5.56,BMS,6
12,19,02,13,-5.48,BMS,6
12,19,02,14,-4.82,BMS,6
12,19,02,15,-5.98,BMS,6
12,19,02,16,-8.21,BMS,6
12,19,02,17,-10.66,BMS,6
12,19,02,18,-10.29,BMS,6
12,19,02,19,-8.91,BMS,6
12,19,02,20,-9.64,BMS,6
12,19,02,21,-10.29,BMS,6
12,19,02,22,-10.19,BMS,6
12,19,02,23,-10.10,BMS,6
12,20,02,00,-9.55,BMS,6
12,20,02,01,-8.38,BMS,6
12,20,02,02,-8.03,BMS,6
12,20,02,03,-8.20,BMS,6
12,20,02,04,-7.94,BMS,6
12,20,02,05,-7.68,BMS,6
12,20,02,06,-6.74,BMS,6
12,20,02,07,-5.81,BMS,6
12,20,02,08,-5.07,BMS,6
12,20,02,09,-4.33,BMS,6
12,20,02,10,-3.69,BMS,6
12,20,02,11,-3.61,BMS,6
12,20,02,12,-3.61,BMS,6
12,20,02,13,-4.49,BMS,6
12,20,02,14,-4.74,BMS,6
12,20,02,15,-5.73,BMS,6
12,20,02,16,-6.74,BMS,6
12,20,02,17,-7.59,BMS,6
12,20,02,18,-8.38,BMS,6
12,20,02,19,-8.65,BMS,6
12,20,02,20,-9.46,BMS,6
12,20,02,21,-8.91,BMS,6
12,20,02,22,-9.28,BMS,6
12,20,02,23,-9.46,BMS,6
12,21,02,00,-9.92,BMS,6
12,21,02,01,-10.01,BMS,6
12,21,02,02,-10.20,BMS,6
12,21,02,03,-12.19,BMS,6
12,21,02,04,-12.78,BMS,6
12,21,02,05,-13.19,BMS,6
12,21,02,06,-13.29,BMS,6
12,21,02,07,-13.29,BMS,6
12,21,02,08,-11.33,BMS,6
12,21,02,09,-8.74,BMS,6
12,21,02,10,-6.40,BMS,6
12,21,02,11,-4.34,BMS,6
12,21,02,12,-4.25,BMS,6
12,21,02,13,-4.25,BMS,6
12,21,02,14,-4.25,BMS,6
12,21,02,15,-5.31,BMS,6
12,21,02,16,-7.09,BMS,6
12,21,02,17,-9.37,BMS,6
12,21,02,18,-9.55,BMS,6
12,21,02,19,-9.92,BMS,6
12,21,02,20,-10.10,BMS,6
12,21,02,21,-9.92,BMS,6
12,21,02,22,-9.64,BMS,6
12,21,02,23,-9.74,BMS,6
12,22,02,00,-10.38,BMS,6
12,22,02,01,-10.56,BMS,6
12,22,02,02,-11.04,BMS,6
12,22,02,03,-11.51,BMS,6
12,22,02,04,-11.70,BMS,6
12,22,02,05,-11.51,BMS,6
12,22,02,06,-12.49,BMS,6
12,22,02,07,-12.59,BMS,6
12,22,02,08,-11.25,BMS,6
12,22,02,09,-7.26,BMS,6
12,22,02,10,-5.90,BMS,6
12,22,02,11,-4.42,BMS,6
12,22,02,12,-4.66,BMS,6
12,22,02,13,-3.54,BMS,6
12,22,02,14,-3.69,BMS,6
12,22,02,15,-6.15,BMS,6
12,22,02,16,-7.95,BMS,6
12,22,02,17,-9.92,BMS,6
12,22,02,18,-10.19,BMS,6
12,22,02,19,-10.19,BMS,6
12,22,02,20,-10.01,BMS,6
12,22,02,21,-9.83,BMS,6
12,22,02,22,-9.83,BMS,6
12,22,02,23,-9.28,BMS,6
12,23,02,00,-8.73,BMS,6
12,23,02,01,-9.01,BMS,6
12,23,02,02,-8.82,BMS,6
12,23,02,03,-8.91,BMS,6
12,23,02,04,-8.38,BMS,6
12,23,02,05,-8.47,BMS,6
12,23,02,06,-8.65,BMS,6
12,23,02,07,-9.19,BMS,6
12,23,02,08,-7.34,BMS,6
12,23,02,09,-5.90,BMS,6
12,23,02,10,-4.50,BMS,6
12,23,02,11,-3.53,BMS,6
12,23,02,12,-3.30,BMS,6
12,23,02,13,-4.09,BMS,6
12,23,02,14,-4.58,BMS,6
12,23,02,15,-5.81,BMS,6
12,23,02,16,-6.40,BMS,6
12,23,02,17,-7.25,BMS,6
12,23,02,18,-7.68,BMS,6
12,23,02,19,-7.77,BMS,6
12,23,02,20,-8.82,BMS,6
12,23,02,21,-9.00,BMS,6
12,23,02,22,-9.37,BMS,6
12,23,02,23,-10.01,BMS,6
12,24,02,00,-9.37,BMS,6
12,24,02,01,-9.09,BMS,6
12,24,02,02,-9.55,BMS,6
12,24,02,03,-10.38,BMS,6
12,24,02,04,-10.01,BMS,6
12,24,02,05,-11.42,BMS,6
12,24,02,06,-10.38,BMS,6
12,24,02,07,-10.01,BMS,6
12,24,02,08,-9.93,BMS,6
12,24,02,09,-8.65,BMS,6
12,24,02,10,-7.51,BMS,6
12,24,02,11,-6.06,BMS,6
12,24,02,12,-6.23,BMS,6
12,24,02,13,-6.91,BMS,6
12,24,02,14,-7.08,BMS,6
12,24,02,15,-7.42,BMS,6
12,24,02,16,-8.74,BMS,6
12,24,02,17,-10.29,BMS,6
12,24,02,18,-10.48,BMS,6
12,24,02,19,-10.19,BMS,6
12,24,02,20,-10.19,BMS,6
12,24,02,21,-10.29,BMS,6
12,24,02,22,-11.13,BMS,6
12,24,02,23,-10.56,BMS,6
12,25,02,00,-10.29,BMS,6
12,25,02,01,-10.01,BMS,6
12,25,02,02,-10.01,BMS,6
12,25,02,03,-10.01,BMS,6
12,25,02,04,-10.38,BMS,6
12,25,02,05,-10.56,BMS,6
12,25,02,06,-10.56,BMS,6
12,25,02,07,-10.56,BMS,6
12,25,02,08,-10.19,BMS,6
12,25,02,09,-9.10,BMS,6
12,25,02,10,-7.77,BMS,6
12,25,02,11,-8.29,BMS,6
12,25,02,12,-8.38,BMS,6
12,25,02,13,-6.51,BMS,6
12,25,02,14,-7.17,BMS,6
12,25,02,15,-8.56,BMS,6
12,25,02,16,-9.74,BMS,6
12,25,02,17,-10.38,BMS,6
12,25,02,18,-12.09,BMS,6
12,25,02,19,-11.70,BMS,6
12,25,02,20,-11.23,BMS,6
12,25,02,21,-11.70,BMS,6
12,25,02,22,-11.70,BMS,6
12,25,02,23,-12.09,BMS,6
12,26,02,00,-12.19,BMS,6
12,26,02,01,-12.79,BMS,6
12,26,02,02,-13.49,BMS,6
12,26,02,03,-13.59,BMS,6
12,26,02,04,-14.63,BMS,6
12,26,02,05,-14.42,BMS,6
12,26,02,06,-13.39,BMS,6
12,26,02,07,-13.08,BMS,6
12,26,02,08,-11.35,BMS,6
12,26,02,09,-7.50,BMS,6
12,26,02,10,-5.90,BMS,6
12,26,02,11,-4.58,BMS,6
12,26,02,12,-5.73,BMS,6
12,26,02,13,-6.82,BMS,6
12,26,02,14,-5.48,BMS,6
12,26,02,15,-5.48,BMS,6
12,26,02,16,-6.91,BMS,6
12,26,02,17,-9.92,BMS,6
12,26,02,18,-9.92,BMS,6
12,26,02,19,-9.46,BMS,6
12,26,02,20,-10.38,BMS,6
12,26,02,21,-8.56,BMS,6
12,26,02,22,-8.83,BMS,6
12,26,02,23,-7.85,BMS,6
12,27,02,00,-8.29,BMS,6
12,27,02,01,-7.08,BMS,6
12,27,02,02,-6.82,BMS,6
12,27,02,03,-7.77,BMS,6
12,27,02,04,-8.83,BMS,6
12,27,02,05,-7.25,BMS,6
12,27,02,06,-7.33,BMS,6
12,27,02,07,-7.42,BMS,6
12,27,02,08,-5.07,BMS,6
12,27,02,09,-3.14,BMS,6
12,27,02,10,-1.37,BMS,6
12,27,02,11,-0.24,BMS,6
12,27,02,12,1.24,BMS,6
12,27,02,13,1.81,BMS,6
12,27,02,14,2.03,BMS,6
12,27,02,15,1.38,BMS,6
12,27,02,16,-0.69,BMS,6
12,27,02,17,-2.98,BMS,6
12,27,02,18,-3.37,BMS,6
12,27,02,19,-2.98,BMS,6
12,27,02,20,-3.14,BMS,6
12,27,02,21,-2.90,BMS,6
12,27,02,22,-3.06,BMS,6
12,27,02,23,-3.06,BMS,6
12,28,02,00,-3.69,BMS,6
12,28,02,01,-3.93,BMS,6
12,28,02,02,-3.77,BMS,6
12,28,02,03,-3.69,BMS,6
12,28,02,04,-3.37,BMS,6
12,28,02,05,-3.37,BMS,6
12,28,02,06,-3.45,BMS,6
12,28,02,07,-3.06,BMS,6
12,28,02,08,-1.30,BMS,6
12,28,02,09,2.24,BMS,6
12,28,02,10,3.45,BMS,6
12,28,02,11,3.95,BMS,6
12,28,02,12,4.71,BMS,6
12,28,02,13,4.50,BMS,6
12,28,02,14,4.22,BMS,6
12,28,02,15,2.46,BMS,6
12,28,02,16,1.09,BMS,6
12,28,02,17,0.80,BMS,6
12,28,02,18,0.73,BMS,6
12,28,02,19,0.50,BMS,6
12,28,02,20,-0.24,BMS,6
12,28,02,21,-0.01,BMS,6
12,28,02,22,1.60,BMS,6
12,28,02,23,1.10,BMS,6
12,29,02,00,0.66,BMS,6
12,29,02,01,-0.01,BMS,6
12,29,02,02,-0.76,BMS,6
12,29,02,03,-1.06,BMS,6
12,29,02,04,-1.44,BMS,6
12,29,02,05,-1.51,BMS,6
12,29,02,06,-1.74,BMS,6
12,29,02,07,-2.21,BMS,6
12,29,02,08,-2.36,BMS,6
12,29,02,09,-1.90,BMS,6
12,29,02,10,-0.46,BMS,6
12,29,02,11,-0.09,BMS,6
12,29,02,12,0.36,BMS,6
12,29,02,13,0.44,BMS,6
12,29,02,14,-1.59,BMS,6
12,29,02,15,-3.37,BMS,6
12,29,02,16,-4.34,BMS,6
12,29,02,17,-5.98,BMS,6
12,29,02,18,-6.14,BMS,6
12,29,02,19,-6.57,BMS,6
12,29,02,20,-7.16,BMS,6
12,29,02,21,-7.77,BMS,6
12,29,02,22,-8.65,BMS,6
12,29,02,23,-9.09,BMS,6
12,30,02,00,-9.37,BMS,6
12,30,02,01,-10.19,BMS,6
12,30,02,02,-9.55,BMS,6
12,30,02,03,-9.55,BMS,6
12,30,02,04,-10.47,BMS,6
12,30,02,05,-10.29,BMS,6
12,30,02,06,-10.38,BMS,6
12,30,02,07,-10.85,BMS,6
12,30,02,08,-9.01,BMS,6
12,30,02,09,-6.74,BMS,6
12,30,02,10,-4.83,BMS,6
12,30,02,11,-3.06,BMS,6
12,30,02,12,-2.44,BMS,6
12,30,02,13,-4.58,BMS,6
12,30,02,14,-1.67,BMS,6
12,30,02,15,-3.85,BMS,6
12,30,02,16,-5.65,BMS,6
12,30,02,17,-7.94,BMS,6
12,30,02,18,-7.68,BMS,6
12,30,02,19,-7.59,BMS,6
12,30,02,20,-7.68,BMS,6
12,30,02,21,-7.08,BMS,6
12,30,02,22,-6.65,BMS,6
12,30,02,23,-5.90,BMS,6
12,31,02,00,-6.31,BMS,6
12,31,02,01,-6.06,BMS,6
12,31,02,02,-5.89,BMS,6
12,31,02,03,-3.86,BMS,6
12,31,02,04,-3.93,BMS,6
12,31,02,05,-4.33,BMS,6
12,31,02,06,-6.23,BMS,6
12,31,02,07,-4.99,BMS,6
12,31,02,08,-4.33,BMS,6
12,31,02,09,-4.41,BMS,6
12,31,02,10,-3.37,BMS,6
12,31,02,11,-2.05,BMS,6
12,31,02,12,-2.21,BMS,6
12,31,02,13,-2.98,BMS,6
12,31,02,14,-3.21,BMS,6
12,31,02,15,-3.77,BMS,6
12,31,02,16,-4.17,BMS,6
12,31,02,17,-5.73,BMS,6
12,31,02,18,-6.82,BMS,6
12,31,02,19,-6.82,BMS,6
12,31,02,20,-7.08,BMS,6
12,31,02,21,-7.59,BMS,6
12,31,02,22,-8.56,BMS,6
12,31,02,23,-9.37,BMS,6
